Supplier ID,Supplier Name,Amount
112487,10 Lane Learning Ltd,575.00
105239,1st Class Carriage,"12,162.00"
3862001,2Simple Software Ltd,"1,372.88"
3319301,3C environmental technology Ltd,"12,811.00"
105096,3c Technology Limited,"1,543.30"
2108401,3M United Kingdom Plc,"5,370.10"
101332,A & B Oil,561.00
111512,A A A Badges of Quality,517.50
2557201,Named Individual,549.70
109001,A N V Measurement Systems,856.75
110384,A S Judo,540.00
103775,A&J Sectional Buildings,995.00
2395801,A2B Taxis,"1,624.00"
112290,A2OM,690.00
101709,A2Z Computer Products Ltd,"4,602.30"
110757,A4 Self Store,"2,010.00"
4380101,Abba Cars,"162,868.62"
104348,ABC to Read,"1,289.00"
100448,Ability Associates Ltd,"27,521.98"
3516205,AbilityNet,"1,670.26"
112555,Abyss Audio Lighting,"1,125.85"
104574,Academics Ltd,"3,191.25"
107115,Access Infrastructure,"48,651.69"
216401,Account Of All Saints  Ascot,"1,013.00"
104806,Accurate,"1,176.45"
108168,ACIS,"71,352.18"
3911401,Acorn Commercial Cleaning,"1,339.67"
111681,ACS Consulting (London),"4,600.00"
2407101,Action For Blind People,"1,600.65"
110429,Action on Addiction,"2,557.71"
112424,ActiveIQ Ltd,"2,205.00"
112255,Actual Power Ltd,784.08
100779,ADCS,"2,055.63"
112218,Add Zest Marketing,"13,967.90"
106981,Addlestone Lodge,"6,017.95"
4350301,Adem Limited,"1,659.11"
132901,ADT Fire & Security,"5,317.95"
332701,Advance Housing & Support Ltd,"28,728.97"
4339501,Advance Publications,630.20
185708,Age Concern Slough,"18,500.00"
185703,Age Concern Windsor,"13,850.00"
4139701,Agresso Limited,"111,262.50"
103631,AKW Medi-Care Limited,"1,622.45"
2115001,Alarm,"1,265.00"
111634,Albany House,"19,675.98"
112315,Alco Construction,"4,284.90"
111661,Aldwick Residential Care Home,"5,322.26"
103428,Alite Ltd,"2,296.55"
2406301,All Saints Pre-School,"7,845.50"
50101,Allen Roofing Contractors Ltd,"8,643.40"
109055,Allison Home Services,"2,243.00"
105473,Alma Supported Lodgings for Young People,"27,634.30"
112332,Almega Limited,569.25
108945,ALP Electrical (Maidenhead) Limited,"20,155.19"
2952302,Alzheimers Society - Maidenhead Branch,"23,000.00"
3601,Ambleglow Ltd,"120,366.37"
103738,Andrews Eades Ltd,"23,521.70"
106979,Angels Pre-School,"18,303.76"
101738,Anglo Financial Services (AFS),843.95
3128201,Named Individual,998.00
3434101,Anne Bunce,"13,550.00"
105066,ANS Group Plc,"3,916.90"
104009,Anslow Communications Limited,"1,552.16"
103637,Anson (UK) Ltd,"2,532.07"
112182,APC Affordable Pest Control Ltd,782.00
2396701,Apollo Cars,"57,290.96"
100747,Apple Travel Ltd,"2,915.00"
259301,Applegarth Residential Home,"17,069.54"
101744,AQA,"91,567.80"
106568,AQA,"14,839.55"
12701,AR Fabb Bros Ltd,"1,224.75"
101746,Archway Lawnmowers,"1,609.56"
105688,Arena Fire Systems,"35,563.56"
108424,Arena Seating Ltd,"1,924.81"
102661,Arena Security Limited,"4,621.85"
112407,Argon Associates Limited,"5,000.00"
3924601,Argos Business Solutions,752.74
90502,Argos Ltd trading as Argos Business Solutions,"3,489.58"
104351,Army Welfare Service,"1,000.00"
2519602,Arriva The Shires And Essex,"10,574.13"
3008301,Arval Limited,"1,563.92"
105628,ASB Blinds Ltd,939.37
101471,Ascendit Lifts Ltd,"4,658.00"
2476801,ASCO Educational Supplies Ltd,"5,999.10"
2117301,Ascot Hospitality,592.25
2322801,Ascot Nursery School,"19,440.75"
32501,Ascot Residential Homes Ltd,"6,584.69"
2290501,Ashford Luxury Coaches,"4,324.33"
105167,Ashley Blind Contracts,"3,622.50"
106327,Ashridge,"4,115.24"
2273601,Askews Library Services Ltd,"11,858.40"
111322,ASP Online Software Ltd,"1,955.00"
3280301,Asquith Nurseries Ltd,"8,524.88"
88401,Associated Structural Design Ltd,"2,501.42"
541201,Aston University,"1,958.00"
107961,Astun Technology Ltd,"4,312.50"
101667,ATG Access,"9,094.83"
2296001,Atkinsons Private Nursing Home,"7,304.64"
100971,Atlas Project Team Ltd,"89,314.33"
4021701,Atomwide Ltd,"179,715.69"
66801,Audit Commission,"2,098.75"
686301,Austen House Nursing Home,"21,897.60"
2959801,Avenue Sac Day Centre,"2,100.00"
107615,Avica UK Ltd,"12,596.93"
106841,AVK/SEG (UK) Ltd,"1,839.79"
2389501,AXA PPP Healthcare,"2,101.44"
111545,Axis Elevators Ltd,"29,762.54"
841701,B & Q Plc,"1,592.84"
2112101,B A A F Registered Charity,831.87
107808,B2net Ltd,"2,028.72"
1312801,Badenoch & Clark,"10,287.78"
110597,Bailey Associates,"1,069.50"
110158,Balfour Beatty Infrastructure Services Ltd,"693,146.34"
588902,Bank Of Scotland,"1,051.20"
100775,Bank of Scotland Equipment Finance,"1,828.76"
106316,Banner Business Services Ltd,"43,169.95"
1952201,Barclays Global Investors Ltd,"6,754.63"
106159,Barclays HMG Procurement Card,"9,441.79"
101325,Barlow Lyde & Gilbert,"17,301.90"
3328701,Barnardo Services Limited,"121,729.43"
110197,Barnett Waddington,"26,109.31"
111799,Basil and Crew,"1,120.00"
4302,Baylis Media Ltd Maidenhead Advertiser,"24,686.79"
108990,Baystorm Consultancy Limited,"16,471.20"
107119,Bazeray,"1,444.26"
22201,BBC Audiobooks Ltd,"3,422.84"
2326101,Beazley & Watts Ltd,"1,793.64"
101778,Bechtle Direct Ltd,"1,466.66"
110400,Beech Home Care,"1,295.48"
480003,Beehive Pre-School,"22,902.25"
63903,Bemrose Booth,"1,863.00"
104830,Benefitsnow Ltd,"4,064.48"
1544701,Bentons Office Supplies,800.40
4125701,Berks Bucks And Oxon Wildlife,"1,466.25"
100472,Berkshire Association of Clubs for Young People,"6,865.00"
2690204,Berkshire Autistic Society,"1,000.00"
3181501,Berkshire Building Services Ltd,"4,528.13"
132303,Berkshire Carpets & Blinds,"12,335.91"
36901,Berkshire College Of Agriculture,"11,291.05"
104448,Berkshire Community Foundation,"2,000.00"
103658,Berkshire East PCT,"64,648.78"
100158,Berkshire Healthcare NHS Trust,"149,070.88"
105551,Berkshire Macadams Ltd,"27,020.15"
2585301,Berkshire Maestros,"24,434.00"
110585,Berkshire Media Group Ltd,"6,969.25"
2438101,Berkshire Office Furniture,661.25
2377801,Berkshire Shakti Centre,500.00
105903,Berkshire Shared Services,928.12
108197,Bertram Library Services,"7,745.53"
967101,Besam Limited,"1,346.65"
107565,Bessels Leigh School Trust Ltd,"73,305.00"
112347,Bevan Brittan LLP,"1,150.00"
573201,Biolab UK Ltd,"5,060.87"
727501,Bird Hills (UK) Ltd,"1,000.85"
934601,Birdsgrove Nursing Home,"16,372.81"
2322901,Birdwood Nursery School,"13,201.50"
70801,Bishop Sport  & Leisure Ltd,"3,318.79"
106892,Blakedown Landscapes (SE) Ltd,"19,919.48"
112241,Blandy & Blandy,"15,925.20"
108383,Blind Date Blinds Ltd,910.06
105046,Blue Banana Direct Ltd,"1,050.00"
111342,Bluebird Care(Reading Wokingham),"15,428.65"
104682,Bluesky International Ltd,"1,029.25"
853501,BME Imaging Ltd,"4,991.45"
103639,BNP Paribas Lease Group (Rentals),"4,867.91"
104438,Bob Woolmer Sales Limited,"5,159.61"
58702,BOC Ltd,809.37
102771,Bookcentre,640.72
1768101,Bookpoint Limited,"1,079.62"
3017001,Bostock Marketing Group,"6,583.75"
1411501,Bottomline Technologies (Europe),"10,214.07"
112333,Bourne International,913.10
70901,Bowak Ltd,"2,784.48"
1996402,Bracknell & Wokingham College,"8,713.00"
112460,Bracknell Care Home,"6,497.72"
142501,Bracknell Forest Borough Council,"22,333.72"
142507,Bracknell Forest Borough Council,"21,147.89"
108767,Bradbury House Organisation,"10,406.71"
103942,Brady Corp Ltd,"1,398.42"
111972,Bradzone,"6,274.40"
104201,Brake Bros Foodservice Ltd,"22,450.43"
105247,Brambles Foods Ltd,"7,047.20"
107006,Brambles Respite Care Centre,866.70
129801,Bray Parish Council,"4,995.00"
2325501,Bray Pre-School,"15,559.88"
1800301,Braywick Heath Nurseries Ltd,"3,587.86"
2984701,Braywood Montessori School,"10,761.01"
112075,BRC Industrial Roofing Midlands Limited,"1,725.00"
106748,Briar Cottage Day Nursery,"6,057.50"
111561,Briarlea Care Home,"5,708.40"
103948,Bridge Trust Thames Valley,"7,412.00"
112380,Bright A Blind,"1,029.25"
185901,Bright Start Pre-School,"41,010.75"
3797801,British Gas Business,"2,968.81"
63313,British Gas Trading Ltd,"1,577.38"
51517,British Telecommunications Business,"1,033.16"
51511,British Telecommunications Plc,"63,569.86"
51542,British Telecommunications Plc,"6,986.83"
51504,British Telecommunications Plc,865.61
51501,British Telecommunications Plc,805.93
103928,Broadreach House,"4,111.00"
112365,Broadwater School,"2,000.00"
106985,Brochure Connect Ltd,"2,530.00"
106313,Brookhurst Care Ltd,"20,284.97"
112350,Browne Jacobson,"48,000.00"
374203,Broxap Limited,"8,847.87"
186801,Bruce And Lumb Ltd,"1,532.03"
2606901,Brunel Day Centre,"1,428.75"
111319,BSI Management Systems Receipts Office,652.05
108248,BT iNet,"6,907.75"
51543,BT Redcare,"200,793.34"
104716,BT Wholesale Broadband,"8,496.60"
123401,BTC Vehicle Rentals,628.17
186503,Buckinghamshire County Council,"16,510.94"
106029,Buffer Bear at Larchfield,"8,940.38"
304801,Building Design Partnership,"9,200.00"
2511401,Building Research Establishment,"5,807.50"
171101,Bunzl Vending Services Limited,934.14
216601,Burchetts Green PCC - St Marys Church Hurley,917.00
384601,Burchetts Green PCC-St James The Less Church,939.00
101834,Burnham Glazing Ltd,"9,638.91"
2758401,Burnham House Care Centre,"15,770.82"
350201,Business Communications,"1,252.35"
3447901,Busy Bees at Hall Place Nursery,"16,947.25"
2323301,Buttons Playgroup,"12,228.30"
112430,BXL Services,517.50
64001,C & C Electrical Wholesale,671.07
111201,C & S Catering Supplies Ltd,"3,125.85"
112478,C Hummerstone,"1,680.00"
106845,C L D Services Ltd,"1,063.19"
3412301,CA Montessori Childrens Centre,"12,402.88"
4432901,Caci Limited,"3,691.50"
101608,Caltek Healthcare,"3,055.27"
109847,Cane Social Work Consultants Ltd,"24,252.72"
92201,Canon (UK) Ltd,"86,719.52"
102966,Capita Absence Management Services Ltd,"50,369.69"
221202,Capita Business Services Ltd,"259,171.20"
221204,Capita Business Services Ltd (CLOSED 22/05/09),"66,621.80"
221206,Capita Conferences Administration,"1,779.05"
112405,Capital Hygiene Services Limited,"1,084.83"
111296,Caraton Limited,"1,484.27"
103920,Caraton Ltd,"29,050.00"
101041,Care & Independence Systems Ltd,"6,391.06"
107974,Care Monitoring 2000 Ltd,"25,082.33"
647101,Care Response Ltd,"14,201.77"
108307,Care UK Community Partnerships Ltd,"295,765.84"
2245401,Careforce,"184,962.92"
29901,Careline,"11,462.03"
2647301,Carers UK,"1,404.10"
3798101,Caretech Community Services Limited,"37,641.67"
101323,Carewatch (South Bucks & North Berks),"105,365.11"
111675,Carnarvon Consultancy,"11,776.00"
112455,Caroline Bentley Davies,"1,748.00"
106737,Named Individual,950.00
3427901,Carpet & Fabric Care,"2,915.25"
4457501,Carpet homes Ltd,"1,200.00"
4192401,Cascaid Limited,"1,006.25"
108348,Castle Homes Ltd,"79,469.36"
3120301,Castle Produce,936.13
106876,Cater Link Ltd,"12,392.04"
106100,Catering Waste Solutions Ltd,"2,433.40"
102681,CATS Young Peoples Project,"2,000.00"
111212,CBS Outdoor Ltd,"3,076.25"
111600,CCA Customer Contact Association,688.85
100870,CCB Community Council for Berkshire,"5,000.00"
1776602,CCL Consulting Ltd,517.50
382801,Ceetex Leisure Ltd,806.22
292401,CEFM Ltd,"5,831.81"
111072,Central & Cecil,"308,354.55"
149702,Central Law Training,"1,391.50"
104900,Centre Academy,"10,800.00"
2781501,Centrewire Limited,829.38
364401,Cerrig Camu Ltd,"16,132.71"
104371,CF Asset Finance Ltd,"1,095.21"
2291302,CfBT Education Trust,"12,466.67"
108317,Chailey Heritage School,"25,988.00"
2239701,Chalfont Centre For Epilepsy,"36,059.06"
2287301,Chalfont Lodge Nursing Home,"101,690.68"
364501,Chandlers Removals,"4,836.98"
198201,Chapel Cleaning Machines,506.00
1783801,Chapman Petrie,"11,922.76"
106722,Charters Junior Tennis Club,830.00
104516,Charters School Sports Partnership,"4,000.00"
107951,Chatterbox Speech & Language Therapy,600.00
105056,Cheapside Pre-School,"12,909.00"
110695,Chebsey & Co,"3,970.72"
105201,Chemaide Ltd,965.50
2134601,Cherry Garden Nursing Home,"57,825.82"
2134701,Cherry Tree Nursing Home,"4,595.15"
111672,Cherwood House Care Centre,"11,649.55"
101863,Chessington World of Adventure,"4,650.00"
1705301,Child Support Agency Client Fund A/C,"5,703.77"
100169,Childbase Ltd,"14,075.75"
3864401,Children of The World Montessori School,"18,829.50"
232801,Chilmington Homes,"18,692.84"
101865,Chiltern Book Supply,871.86
79901,Chiltern District Council,"50,000.00"
104481,Chiltern Open Air Museum,820.50
109536,Chime,500.00
110945,Chipside Ltd,"1,434.22"
218101,CHOICE LTD,"90,250.32"
108440,Chris Mills,"1,578.40"
4372701,Chrissy Fraser,"4,447.19"
49605,Chubb Fire Ltd,"12,920.11"
49603,Chubb Fire Ltd,"1,289.48"
112361,Churchill Contract Services Ltd,"79,888.28"
1447201,CILIP (Chartered Inst.of Lib.& information Profnl),667.00
449701,CIM Holdings Ltd,"2,591.00"
3304201,CIPD,"1,089.00"
5401,CIPFA,"16,494.00"
2379901,CIPFA Business Limited,"17,796.25"
112160,Citrix Online UK Limited,"1,339.72"
3430701,City Insulation Contractors Ltd,"9,572.60"
100610,City Sightseeing Ltd,"1,762.85"
1937702,Civica,575.00
1937701,Civica UK Ltd,"17,250.00"
111173,CJ Associates Training Ltd,"1,305.25"
2321901,Claires Court Schools Ltd,"41,748.00"
954201,Claires Court Schoos Ltd,"8,786.25"
2426401,Claremont Surgery,"1,179.80"
86601,Clarity Computer Supplies Ltd,"12,922.29"
3445401,Clarity Copiers,648.89
111283,Clarke Elliot Norman Assoc. Ltd,"22,668.13"
74601,Claude Fenton (Construction) Ltd,"423,079.57"
110892,Clean Drain Services,"1,558.25"
3045301,CLEAPSS,"1,687.75"
257401,Clear Drains (UK) Ltd,687.13
100193,Clearaway Drainage Services Limited,"2,754.25"
108727,Clearway CJS Ltd/Dyno-Rod,"5,303.80"
2543701,Clenaware Systems Ltd,"5,963.64"
126103,Clerk To The Justices,"1,290.00"
1685001,Cleveland Sitesafe Ltd,"32,116.45"
107898,CMS,"3,410.00"
104671,Coach Equipment,"2,666.66"
111839,Coachs Corner,"4,363.62"
368701,Coca-Cola Enterprise Ltd,"13,761.75"
106472,Coffeetech Ltd,592.24
1776601,Cogenco Limited,"8,066.91"
105901,Colas Limited,"2,069.72"
112289,Collections Trust,"1,194.85"
246901,Collvett Ltd,840.61
360101,Combined Power (South) Ltd,"10,683.97"
100061,Comet Pump and Engineering Ltd t/asComet Tankers,816.50
103712,Comfort Care Services,"166,781.43"
112041,CommuniKaite Consulting,"1,263.28"
111078,Community Development Service,"1,575.50"
107507,Company Searches,529.00
104629,Complete Care Windsor Ltd,"10,243.81"
2080303,Computacenter (UK) Limited,"51,106.30"
100726,Computerised & Digital Security Systems Ltd,"80,354.24"
108001,Comserve Ltd,"6,690.13"
2428801,Connevans Limited,"2,761.61"
105799,Connexions Berkshire,"427,410.15"
3629601,Consort Environmental Services Ltd,"1,320.20"
105842,Continyou,"1,955.00"
2394001,Contract Trading Services Ltd,"244,114.33"
2323901,Cookham Montessori School,"17,046.76"
216301,Cookham Parish Church,"1,686.00"
130201,Cookham Parish Council,"27,423.00"
3714001,Copse House Farm,"24,823.00"
4456201,Cornerstone & Thomson Roddick,"23,988.58"
112007,Cornerways Childrens Services Ltd,"61,617.03"
106414,Cornwall Care House-Headland Residential Home,"5,891.01"
91201,Corporate Health Ltd,552.76
105565,Cost Cutters,"2,487.32"
108995,Countryside Nurseries,"8,676.33"
104392,County Coaching Limited,"3,175.00"
2290901,Courtney Coaches Ltd,"135,670.60"
2290902,Courtney Coaches Ltd,"124,424.53"
3502301,Coutts Information Services Ltd,"2,553.19"
299001,Cox Green Community Centre Play Scheme,500.00
291002,Cox Green Community Pre-School,"22,382.01"
108334,Craegmoor Healthcare,"10,297.17"
2468101,Cramer Music,831.41
110359,Creative Landscape Company Limited,"16,835.24"
111055,CreditCall Communications Ltd,"2,177.93"
4367502,Criminal Records Bureau,"17,157.00"
103947,Croft Fencing,"38,824.80"
3830901,Crown Wheelchair Travel,"34,612.12"
2306805,Cruse Bereavement Care,500.00
104414,CTS Contracts Ltd,750.95
2859801,Cumberland Lodge Enterprises Ltd,"1,260.12"
110623,Current Installations Ltd,"1,932.00"
111427,CWDC,"10,750.00"
109540,Cybersupport (UK) Limited,"3,694.68"
110595,Cyril Sweett Ltd,"63,252.99"
105494,D H Electrical Services Ltd,"19,037.93"
157101,D M Screenprint,"2,355.49"
101910,D W Fencing Ltd,"4,203.25"
2646601,D.W.Services,"15,222.00"
2110501,Dabs Direct Plc,"6,882.46"
631103,Dairy Crest Ltd,"6,571.32"
127201,Dairy Crest Ltd,726.50
631102,Dairy Crest Ltd,708.28
105509,Dale Emberton Associates,900.00
4363101,Darfen Durafencing (Division of CRH Fencing),"2,395.45"
109165,Datanet Communications,"8,623.85"
112384,Datasharp Independent Solutions Ltd,"2,145.39"
105081,Datasharp Telephony Solutions&RedcardTelecom,"2,130.84"
980501,Datchet Parish Centre,550.00
130501,Datchet Parish Council,"34,734.69"
3551301,Named Individual,"1,000.00"
107874,Named Individual,"1,916.66"
4005101,David John (Papers) Ltd,"5,819.59"
3201,David Lewis Centre-Epilepsy,"9,081.80"
1800902,Davies Sports - Findel Education Ltd,"9,521.24"
3211301,Dawson MMP Ltd,"9,238.53"
2330801,Day Care Plus,"2,100.00"
111526,Dayla Ltd,"1,136.57"
106675,DCP Microdevelopments Ltd,920.00
110321,De Vere Venues,"5,566.00"
112021,Named Individual,600.00
3659501,Named Individual,723.00
2092701,Dedworth Green First School,"11,928.16"
112585,Deep End Pools Ltd,"21,622.45"
3013601,Dell  Corporation Ltd,"49,965.29"
108546,Delta Phi Association,529.00
1548501,Demco Interiors,"3,447.03"
2757001,Dementia Care Seminars,640.00
108379,Denham Manor Nursing Home,"8,345.72"
210401,Denta Print Ltd,"1,980.30"
2638209,Department for Communities & Local Government,"300,729.83"
110056,Derbyshire Haven Residential Home,"5,109.13"
110325,Diane Broomhead t/a  Broomhead Training,673.70
4346801,Dicksons Travel,"1,193.27"
111785,Digital Home Engineering,"1,817.00"
101603,Direct Wines Ltd,634.85
100307,District Surveyors Assocition Limited T/A LABC,"2,364.89"
111570,DKW Sportswear,920.00
106941,Doherty Baines Chartered Surveyors,"13,000.96"
103264,Domestic Lift Services Limited,"3,464.03"
104309,Donald McPhail Consultancy Ltd,"5,750.00"
1730401,Dorma UK Ltd,"1,397.45"
102,Dormy House (Sunningdale) Ltd,"47,422.85"
140922,Dorney Lake Services Limited,"3,993.09"
107676,Dowding & Son Ltd,"4,821.00"
101614,DowJohnson,"1,495.00"
110296,DTZ,"9,208.05"
255601,Dunster And Morton,"1,288.00"
9701,DX Network Services Limited,"1,677.53"
112117,Dynamics,726.80
1601,Dysons Wood Trust,"45,888.84"
106692,E.ON UK plc,"1,963.29"
100201,Early Education,"1,100.00"
112466,Earth Anchors Ltd,"2,145.21"
2337801,Earthing Equipment Supplies (Southern) Ltd,"8,804.41"
610701,East Berkshire College,"10,276.97"
102572,East Berkshire Education Business Partnership,"9,378.75"
3765402,East Berkshire Ramblers Association,"1,000.00"
105436,Easthampstead Baptist Church,"2,097.20"
103102,Easy Care Systems,"6,491.75"
110444,EBM HP Office Centre Ltd,"7,645.20"
111647,Ecological Planning & Research (EPR),"17,457.79"
106063,Eden Springs UK Ltd,"6,247.55"
102652,Edexcel Ltd,"61,510.20"
101941,Edexcel Ltd,"5,014.85"
411201,Edgington Spink & Hyne,"10,502.08"
2324102,Edith Rose Day Nursery,"7,244.00"
2324101,Edith Rose Day Nursery,"6,691.75"
111942,Education and Special Projects Ltd,"1,102.85"
105493,Education Group Ltd,"1,147.70"
3155601,Educational Recording Agency,"6,759.94"
112474,Educor Ltd,"7,517.20"
111281,Named Individual,500.00
112222,Electric Eels Swimming Club,"3,000.00"
108298,Electricity Supply Nominees Ltd,"14,175.69"
112387,Elite Landscapes Limited,"24,486.82"
2281601,Elizabeth Fitzroy Support,"17,343.52"
9801,Elizabeth Fitzroy Support,"17,321.78"
141278,Elizabeth House Cookham,"1,500.00"
3272003,Emap Communications,"1,319.05"
102780,EMC Advertising Gifts,529.00
2944007,Emergency Planning Society,579.00
107288,Emmarina Louise Latham,"1,767.75"
1608301,Environment Agency,"65,408.54"
4371001,Environmental Management Solution,772.77
104934,Environmental Water Systems UK Ltd,595.13
108188,Envtec Services Ltd,729.56
112375,EPI Coaches Ltd,730.00
3755102,Equanet,"72,474.33"
107816,ESCA Laundry,"1,410.00"
110964,ESP Systex Ltd,"2,851.43"
107875,Espresso Education Ltd,"3,431.49"
1448201,ESRI (UK),724.50
112423,Essanae Interiors Ltd,"7,333.55"
102792,Eteach,831.11
104562,eteach.com,"1,654.90"
2315601,Eton Cars,"39,964.47"
213801,Eton College,"3,000.00"
2321501,Eton End PNEU School,"29,773.97"
105970,Eton Environmental Services Ltd,517.50
2501,Eton House Residential Home,"41,099.15"
101970,Eton Stationers & Post Office,626.99
210301,Eton Wick & Boveney Village Hall,"2,120.00"
106513,Euroclydon Nursing Home,"7,047.04"
103520,Europc Ltd,"1,869.90"
112354,European Asbestos Services,"1,944.65"
108114,European Electronique Ltd,860.20
106207,Eurotek Office Furniture Ltd,"6,679.33"
111734,Named Individual,542.50
102819,Evac Chair Ltd,775.10
111905,Exactrak,683.10
111167,Exceedia Ltd,"33,903.14"
100589,Excel Pumps & Motors Ltd,920.00
106344,Excel'ed,544.96
3017901,exeGesIS SDM Ltd,"3,048.65"
101666,Experian Business Strategies,"2,228.70"
108138,Experian Ltd,"23,475.52"
107229,EzTeach Ltd,"1,350.00"
2584401,F & C Electric Ltd,"3,274.05"
9001,F C M Sale,"15,700.81"
2314001,F J Lane & Son Ltd,"56,608.43"
111474,F P Executive Agency Limited,"1,503.91"
110560,F Roy Evans,"7,146.10"
101564,Fairlight Residential Home,"3,639.15"
100898,Families Thames Valley East,569.25
2323601,Family Friends In Windsor And Maidenhead,"51,207.50"
100361,familyplacement.com ltd,"5,472.00"
112090,Farbetter Consulting Ltd,"1,032.00"
2317001,Fargo Coaches,"23,838.95"
2330901,Farney Close School Ltd,"35,812.00"
2487401,Farr & Roberts(Builders)Ltd,"11,435.60"
106947,Fast Hygiene Ltd,572.13
104801,FD Solutions Ltd,589.07
2970601,Feltham Construction Ltd,"19,391.45"
108090,Felton Communication Ltd,"3,885.43"
2316901,Fernhill Travel,"12,977.73"
106895,Fidelity International,"79,635.97"
100800,Filing Plus,741.75
105696,Financial Data Management Ltd,"11,135.50"
106875,Firestation,"19,287.50"
100274,Firmstep,"7,044.25"
116701,First Beeline Buses Ltd,"148,552.33"
288401,First Floor,"1,578.95"
3301,First Steps Pre School,"16,051.50"
3253401,First Steps Preschool,"11,932.50"
111326,Fitzgerald Fostering and Consultancy Ltd,"34,233.89"
107620,Five Acres Nursing Home Ltd,"10,284.31"
111597,Flexible Physiotherapy,"1,300.00"
103010,Forward Vending & Catering Ltd,806.98
103624,Foster Care Associates Ltd,"17,840.85"
107312,Fourways Residential Home,"3,787.23"
700601,Foxleigh Grove Nursing Home,"41,477.80"
2321601,Foxley Nursery School,"20,341.50"
111702,FP Teleset,"40,000.00"
112352,Named Individual,"1,519.00"
487301,French Brothers,"1,030.15"
100588,Frontier Software plc,"1,821.66"
106622,Frontline Products,963.48
107748,Frontline Solutions,"2,160.00"
110859,Fulfil,"3,941.27"
4444201,Furniture at Work Limited,"1,392.08"
112287,Furze Platt Scout Group,800.00
104524,G & M Skips,943.00
108892,G & W Groundworks Ltd,"16,923.00"
2614101,G H Marshall Ltd,"1,572.07"
2244701,G K Hopps t/as Maidenhead Montessori Schools,"52,073.13"
803801,G P T Services Ltd,"6,589.50"
108832,G T Refrigeration (Chertsey) Ltd,"4,462.69"
107060,Gallagher Training Initiatives,650.00
106717,Gambit Enterprises Ltd,"3,649.99"
2488001,Gardner Mechanical Services Ltd,"7,339.65"
65202,GCD Security (Locksmiths) Ltd,"12,675.11"
3693501,GE Capital Equipment Finance Ltd,"4,510.22"
1870201,Gemini Consultants Ltd,"8,364.26"
100527,General Teaching Council for England,"12,870.00"
111250,Generic Software Consultants Ltd,"1,771.85"
79801,Named Individual,"2,352.77"
110184,Geotechnical Instruments (UK) Ltd,713.00
108997,Geze UK Ltd,932.65
47501,Gibbs and Dandy Plc,"2,422.35"
1746601,Gladstone MRM,"5,692.50"
21201,Glasdon UK Ltd,"6,129.07"
8301,Glenore Home Care Services,"10,437.22"
1892701,GLS Educational Supplies Ltd,"20,553.72"
125501,GMB National Administration Unit,"5,962.22"
110669,Go Kids Ltd,"1,405.00"
112575,Goldcare Group Limited Woburn Sands,"15,109.68"
2739801,Golden Rose Community Care Services,725.34
2322401,Golders Hill School Ltd Re Winbury,"17,136.75"
106583,Goldline Media Ltd  t/as UniServity,"1,264.95"
111622,Goodger Design Associates,"7,935.35"
112420,Google Ireland Limited,"20,400.00"
100581,Gordon Sturges,"2,364.20"
111865,Goron Graphics,580.75
112195,GovMetric rol Solutions Limited,"14,757.38"
106044,GovNet Communications,989.00
102809,Graffiti Removal Limited,"2,019.40"
108719,Graham,"3,199.19"
158101,Grant Plant (Maidenhead) Ltd,"1,612.30"
111981,Graphic Detail,"1,702.00"
111400,Green Team Interiors Ltd,"1,342.05"
65301,Greenham Trading Ltd,"6,848.18"
2397802,Greenslade Services Limited,"4,442.70"
100892,Gresswell,"1,132.55"
107619,Group 4 Securicor,"11,307.83"
1954401,Grundon Waste Management Ltd,"30,790.45"
2324001,GT & JE Ltd T/A Datchet Montessori School,"12,739.00"
105560,Guardian Homecare (Maidenhead) Ltd,"24,765.25"
2717401,Guards Club Road Association,500.00
111017,Gullivers Truck Hire Ltd,"2,574.73"
162001,H M Land Registry,"1,842.00"
103414,H2O Servicing Limited,830.30
3965101,Halarose of Oxford Limited,"1,224.54"
104898,Hamilton Lodge(Education)Ltd,"31,333.00"
100079,Hampshire Autistic Society,"159,137.91"
3385901,Happy Days Pre-School Nursery,"8,537.63"
107087,Harlequin Travel,"2,245.00"
103662,Named Individual,900.00
109160,Harrington Bates,"5,938.46"
3990601,Harris & Porter,"15,401.01"
106434,Harrison Catering Services Limited,"156,186.04"
111775,Harte & Garter Hotel and Spa,810.00
112500,Hartnell Taylor Cook LLP,750.00
3630801,Harts Leap(Sandhurst) Ltd,"6,354.92"
12801,Harwood House Residential Nursing Home,"17,766.90"
102031,Hawkinsport & Son,"3,676.55"
13204,Haymarket Publishing,897.00
378201,Hays Accountancy Personnel,"28,623.50"
101548,Haystack Dryers,"1,576.93"
2736101,Hazlemere Window Company Ltd,"8,829.47"
2614701,Headline Training,"2,719.75"
4073101,Headway Thames Valley,"8,244.00"
3119802,Heald Limited,"2,117.94"
106454,Health Protection Agency,645.38
4133001,Heath Lambert Limited,"619,275.45"
104313,Heathland Management Services,"6,883.98"
2722201,Heinemann,980.69
106793,Named Individual,968.00
110860,Helping Hands,"5,698.56"
8901,Hemming Group Ltd,920.80
105724,Henley Signpeople Ltd,"1,472.00"
126229,Her Majestys Court Services (HMCS),"5,020.00"
126201,Her Majestys Courts Service,"4,575.00"
126203,Her Majestys Courts Service,"1,525.00"
107203,Herald Productions Limited,"5,588.25"
13501,Herewards House,"102,298.87"
101045,Herries School,"9,536.25"
113201,High Duty Flooring W/House Ltd,713.00
2321701,Highfield School Trust Ltd,"19,245.52"
111815,Hillcrest Guest House,"4,960.00"
103630,Hill-Rom Ltd,"1,462.80"
108547,Hilltop House,"13,208.33"
111094,History Press Ltd,835.71
126302,HM Revenue & Customs,"15,404.56"
126301,HM Revenue & Customs Only,911.49
2566001,Hobart UK,"7,532.50"
1819301,Holiday Inn,"3,464.00"
3125301,Holloway & James Ltd,"10,613.00"
2287401,Holly Business Systems,"1,191.06"
107910,Holy Brook School,"1,350.00"
2323101,Holyport Pre School Playgroup,"11,076.25"
4178101,Home Counties Pest Control,953.80
385101,Homecraft Rolyan Limited,"2,328.85"
13901,Homefield College Ltd,"6,163.43"
4321001,Horizon Express Ltd,634.86
146801,Horseman Coaches Ltd,"13,458.00"
130702,Horton Parish Council,"16,000.00"
953701,Hospital Savings Association,"1,721.91"
102056,HSS Hire Service Group Ltd,"4,177.22"
107141,Humanware Europe,"6,244.50"
2321801,Hurst Lodge School,"17,044.85"
111946,Hutchison 3G,859.26
3259401,Hutchison Technologies Ltd,"4,132.39"
112427,Hydro - X Water Treatment Ltd,"2,672.60"
100471,Hyperwave Limited,"29,444.12"
25601,I CAN Charity,"40,680.10"
104999,IBS Office Solutions,"14,491.08"
111066,ICTS (UK) Ltd,"1,581.25"
26201,Idox Software Limited,"81,910.90"
2771601,Ikon Capital Plc,"2,016.20"
105909,Imperial Taxis,"65,362.96"
3039601,Improvement & Development Agency (I&DeA),"1,667.50"
106943,In Form (Advice Training Consultancy),"1,400.00"
106351,In4tek Ltd,"65,613.88"
110790,Inalytics Limited,"9,305.80"
112311,Inchcape (Ford),"38,487.41"
111143,Independent Living Group Ltd,"16,071.12"
111955,Ind'l Med & Safety Serv Ltd (IMASS),"12,572.54"
108526,Infinite You Ltd,781.66
109040,Info Technology Supply Ltd,"4,577.00"
2511001,Infotec UK Ltd,"5,157.37"
105207,ING Lease (UK) Limited,"1,824.81"
95801,Initial Washroom Solutions,"6,096.31"
126307,Inland Revenue,"1,215.41"
111218,Innovate Services Ltd,"27,065.40"
111425,Innovative Safety Solutions Ltd,825.26
1700001,Instarmac Group Plc,"1,604.85"
2542303,Institute of Education University of London,"1,690.00"
1612501,Instone & Ashby Ltd,630.20
109852,Instylefitness,"4,830.00"
4068601,Integrated Design Associates,"17,851.92"
324801,Inter County Office Furniture,"1,058.47"
106269,Intercall UK,500.09
107954,Interface (DCB) Technology Ltd,"1,963.62"
7202,IRRV Services Ltd,"1,252.25"
112340,Isis Audio Visuals Ltd,"2,346.00"
3857101,Islamic Trust Maidenhead,"1,500.00"
560801,Ison Engineering Products,"1,179.78"
3416101,ISS Waterers Landscape,"460,425.53"
105115,ITS Training (UK) Ltd,971.75
2115405,ITSA,884.33
103063,J and S Progress Consultants Ltd,"5,142.80"
102933,J Beckett & Sons Ltd,586.50
83590613,Named Individual,"1,450.00"
38501,J P Lennard Ltd,"7,114.28"
1952101,J P Morgan Asset Management,"99,125.16"
105336,J T Services (UK) Limited,935.75
2963701,Jacks  Eton College Pre-School,"20,190.63"
387102,Jacobs Babtie,"88,452.57"
111278,James Boston House,"5,833.71"
1501,James McNaughton Paper,"2,940.82"
110532,JC Leisure Connexions Ltd,"1,140.80"
100583,Jean Earl,680.00
112263,Named Individual,876.00
103603,Jennor Timber Co Ltd,960.35
4375102,Jessops,"2,034.30"
3581201,Jigsaw Respite Care Limited,"76,604.92"
111872,Jigsaw Systems Limited,684.25
104557,Named Individual,840.00
3227901,Named Individual,"3,948.00"
2791101,Named Individual,989.00
112118,Named Individual,640.64
102765,Named Individual,"3,334.00"
3620501,John Graham Commercials,"6,670.87"
2324201,Joyce Vakharia Nursery School,"11,520.01"
106630,Jumping Jacks Mobile Mini Gym,600.00
3268601,Kees Glaziers,"1,920.50"
102678,Keltic,873.04
104113,Named Individual,"15,798.57"
4417801,Kennington Educational Services Ltd,"6,910.60"
109170,Kensington Lodge,"2,194.20"
103199,Kent Country Council,858.94
577203,Kent County Council,"2,409.29"
577204,Kent County Council,883.38
240501,Key Industrial Equipment Ltd,"1,005.10"
374901,Key Traffic Systems Ltd,"2,656.50"
105322,Keychange Charity,"5,637.18"
102113,Keynote Training Ltd,"1,050.00"
108489,Kiddies Cabin c/o Berkshire Shared Services Org.,"14,293.63"
2091801,Kings Court School,"4,398.28"
748101,Kings Property Management,"1,200.00"
110710,Kingsley Construction (Southern) Limited,995.00
111710,Kingsmead Care Centre,"1,821.43"
110776,Kingston Garden Services Ltd,"1,883.38"
108573,Kingston House,"5,442.03"
107673,Kirkland Rowell,"1,014.38"
4413101,KLM Digital Office Solutions Ltd,819.80
103179,KMC Consultancy,977.50
3787301,KMD Visual Communications,"5,313.00"
1402701,Konica Minolta Business Solutions (UK) Ltd,867.28
108189,KorCare Ltd,"10,433.42"
107176,KPMG LLP,"39,100.00"
100884,Kumarlo Bodyworks Ltd,"2,153.34"
100489,KWComsaf,"9,415.05"
106538,Lagan,"42,303.90"
100418,Lakes,"2,544.50"
112053,Lalpac Ltd,"19,435.00"
61201,Lamb And Company,782.00
104262,Land Securities Trillium,"11,390.36"
4422901,Land Use Consultants LTD,"10,909.26"
343001,Landmark Tree Surgery,"11,292.96"
107752,Landscape Care and Control,"9,562.25"
2624001,Langley Glazing Limited,"1,287.28"
31701,Langley Sound & Light,"3,493.66"
269301,Lanz Transport,"3,958.88"
108681,Larchfield Nursing Home,"376,651.60"
11101,Larkland House,"172,076.20"
110845,Named Individual,"1,346.55"
102120,LCP,"1,067.75"
108807,Le Club Francais,600.00
112485,Learning Pool,"6,900.00"
102126,Leeds Booklet Printing Company,"2,192.30"
110731,Legal & General,"6,765.27"
769801,Legoland Windsor Park Ltd,"15,745.00"
112411,Leisureteq (Partnership),509.33
2256101,Leonard Cheshire,"18,832.85"
140928,Lex Vehicle Partners Ltd,"1,790.52"
23701,Lexis Nexis Butterworths,"39,170.28"
112453,Lexon Group,"1,923.24"
2343301,Lianne Coach Hire,"20,436.25"
110584,Library Multimedia Supplies (VHS Distribution),"3,913.67"
112436,Lightwear Ltd,524.40
11801,Lilliput Learners Playgroup Pre-School,"20,056.88"
103813,Linkage Community Trust,"7,037.45"
2324401,Little Fingers Montessori School,"4,903.50"
2323401,Little Fishes Pre School,"17,271.00"
106978,Little Monkeys,"6,807.13"
2322501,Little Rainbows Community Pre-School,"18,344.63"
112412,Little Red Hen Day Nurseries Ltd,"1,637.63"
2324501,Littlewick Green Montessori School,"12,979.75"
107251,Lloyds TSB Autolease,"56,721.86"
155001,Local Authorities Aircraft Noise Council,620.00
2300501,Local Cleaning Services,"4,664.03"
3814,Local Government Association,"47,844.74"
2054401,London  Metropolitan University,"5,021.00"
294803,London Borough Of Harrow,"7,975.00"
106704,Longridge Scout Boating Centre,"3,165.00"
2994101,Look Ahead Housing And Care Ltd,"3,285.22"
2543901,LSM Decorators Limited,"5,491.25"
2702901,Lufton Manor College,"16,787.00"
112376,LVS Hassocks,"21,816.68"
112362,Lynch Hill School,"2,700.00"
26601,Lynwood Residential Home,"74,915.63"
326301,Lyreco Uk Ltd,765.12
108485,Named Individual,915.00
103963,Named Individual,"3,420.00"
112386,Named Individual,"3,965.00"
103050,M P Printers (Thame) Ltd,"6,732.80"
110242,M2 Digital Ltd,"1,315.23"
386202,Macmillan Distribution Ltd,"1,053.70"
61001,Magnet Leisure Centre,"2,633.00"
2290701,Magpie Travel Limited,950.00
32801,Mahjacks Holdings Ltd,"1,129.12"
1097805,Maidenhead & District Housing Association,"61,903.04"
1097801,Maidenhead & District Housing Association,"9,105.43"
1097802,Maidenhead & District Housing Association,"5,088.54"
3564701,Maidenhead Berkshire Cars,"2,002.26"
136901,Maidenhead Choral Society,500.00
138001,Maidenhead Citizens Advice Bureau,"34,278.50"
112561,Maidenhead Explorer Scouts,"3,478.00"
3856801,Maidenhead Flooring Specialists,"6,849.97"
2029601,Maidenhead Garden Help Service,585.50
100128,Maidenhead Golf Club,"2,223.50"
795801,Maidenhead Heritage Trust,"5,000.00"
108905,Maidenhead Motors Ltd,748.90
248801,Maidenhead Rugby Football Club,"8,819.22"
111659,Maidenhead Sea Cadets,"8,500.00"
1803902,Maidenhead Social Work Fund,"9,829.72"
1853502,Maidenhead Volunteer Bureau,"2,000.00"
100187,Mallard Consultancy Limited,"1,092.50"
2591701,Malone Roofing (Newbury) Ltd,"7,916.50"
2322701,Mamatoto Childcare Ltd T/A Hayward Nursery,"26,415.88"
105552,Named Individual,825.00
110667,Manor House Care Home (Old Windsor),"123,243.92"
4297102,Manor Youth Centre-Outreach Project,"3,000.00"
2831101,Mantra Publishing Ltd,"1,506.84"
287001,Maplin Electronics Ltd,739.88
112484,Marbel Ltd,"12,207.25"
81770220,Named Individual,630.00
2322001,Marist Convent Junior School,"12,806.87"
2407801,Named Individual,"39,861.05"
109538,Named Individual,"2,431.85"
2285502,Mary Hare School,"23,142.00"
108132,Named Individual,575.00
4381601,Matchtech Group plc,"18,447.38"
108065,Matrix Service Development & Training Limited,676.36
112256,Maximise Group,"2,700.00"
2240701,Maybank Residential Home,"11,073.93"
108097,Mayfield School,"1,666.66"
154301,McBains Cooper,"14,717.70"
259801,Mcevoy & Rowley Services Ltd,698.00
2408501,Meadowbank Residential Home for the Elderly,"5,635.90"
112406,Medical Innovations Ltd,"1,725.02"
16001,Medico Nursing & Homecare Ltd,"4,474.56"
112343,Mercia Business School Ltd,"21,901.60"
112603,Mercure Hotel,"1,020.00"
110986,Merebrook Consulting Ltd,"1,437.50"
112151,Meritec Limited,"9,537.35"
63901,Metric Group Ltd,"6,734.73"
103728,Metric Office Furniture Ltd,670.89
106007,Micad Systems (UK) Ltd,"9,910.44"
102169,Michael Wright Supplies Ltd,"1,255.69"
103617,Micro Librarian Systems,704.38
2241203,Milbury Care Services Ltd,"126,769.88"
103604,Milton Keynes Borough Council,"100,198.49"
112179,Mindstretchers Ltd,629.05
20301,Misco,"6,590.46"
112535,Named Individual,"15,000.00"
1534501,Miss Ps Edgar T/As Pr Matters,"4,577.29"
1339501,MJW Pest Control,520.00
3493701,Mogo UK,"2,858.37"
110407,Molly Maid,"1,625.00"
106611,Moonscape Media Limited,874.00
2241401,Moor Cottage Residential Home,"18,622.42"
2287101,Moor House School,"27,874.00"
108844,Moorcroft Manor Ltd T/A Hillingdon Manor School,"26,553.50"
4138201,Moorside Garage Limited,"2,281.99"
2276201,More House School,"36,770.20"
1552101,Morgana Systems Limited,658.37
2751601,Morris & Blunt Ltd,"4,969.15"
252201,Morriss & Gale,"5,946.20"
110885,Mothers 4 Mothers,640.00
3472601,Named Individual,"10,989.39"
103254,Named Individual,977.50
112515,Named Individual,"10,000.00"
112071,Named Individual,"1,523.75"
3179301,Named Individual,"5,354.50"
107073,Named Individual,747.50
110502,Named Individual,"2,050.00"
112383,Named Individual,"4,500.00"
112464,Mr Matthew Horton QC,"5,750.00"
112235,Named Individual,500.00
112394,Named Individual,"1,856.00"
104526,Named Individual,"1,500.00"
104033,Named Individual,"1,035.00"
112060,Named Individual,900.00
110941,Named Individual,917.60
112245,Named Individual,"6,137.64"
2550601,Named Individual,506.00
109599,Named Individual,"2,469.00"
108343,Named Individual,779.92
104909,Named Individual,"2,400.00"
111220,Mrs M Sams t/a Kool Kidz Klub,"4,038.13"
100032,Named Individual,798.61
107840,Named Individual,"1,140.00"
112452,Named Individual,"35,675.00"
112286,Named Individual,"10,304.75"
110368,Named Individual,920.85
111977,Named Individual,"2,732.94"
111979,Named Individual,"1,856.00"
3033601,Named Individual,"8,415.00"
107225,Mulberry House,"17,313.66"
2241801,Munchkins Pre-School Maidenhead LLP,"25,980.01"
104178,My Choice Childrens Home Ltd,"80,123.11"
111344,Namrata Vellani,929.35
112444,NASBM,665.00
144001,National Express,"3,382.92"
2869301,National Extension College,567.00
112300,National Portage Association,"1,601.35"
1733201,NCC Services Ltd (Part of NCC Group),"1,868.75"
1605501,Neil Stewart Associates,632.50
106049,Nelson Dish & Glass Washing Machines Ltd,"3,904.25"
2378201,Nelson Thornes Ltd,"2,751.53"
22501,Neopost  TMS Credifon,"10,000.00"
22502,Neopost Ltd,"3,167.55"
207001,NES Arnold Findel Education Limited,"3,968.83"
847601,Network Rail Infrastructure Ltd,652.09
847606,Network Rail Major Projects & Investments,"3,189.25"
104543,Network Utilities (Systems) Limited,"1,189.10"
110544,New Mind Internet Cosultancy Ltd,"22,678.00"
111225,New Victoria Nursing & Residential Care Home,"1,384.04"
110180,New4 Ltd,"5,300.00"
106342,Newitts.com,"1,477.39"
117901,Newlands Girls School,"254,402.29"
2381401,Newman & Son,"1,149.00"
112312,Newvale,"1,569.75"
109039,NexStor Ltd,"10,844.50"
104590,Nexus The Educators Connection Ltd,"1,506.47"
112295,Nicky Ridley,"1,650.00"
110608,Nigel Rose LLP,"3,150.62"
2431001,Nightingale Medical,"6,024.90"
2242301,Nightingales Residential Homes,"13,424.58"
2323801,Noahs Ark Club,"9,057.01"
111332,Noel Quinn Ltd,"2,058.50"
770701,Norden Farm Centre Trust Limited,"31,818.51"
108163,Nordic Care Services Ltd,571.56
2387101,Norfolk House,"1,717.26"
110426,Norlington Care Ltd,"4,226.95"
2242701,Normanhurst Care Limited,"26,926.29"
108405,Nortek Educational Furniture & Equipment,"2,087.25"
112192,North Hill House,"51,339.81"
108952,North Lanarkshire Council,"3,410.55"
112084,North Maidenhead Cricket Club  (COLTS),"1,650.00"
98402,Northgate Land and Property Solutions Limited,"5,750.00"
110783,Norton Environmental Services,587.08
2243101,Norwood Ravenswood,"14,070.97"
4440402,Novell UK,"3,622.50"
3466303,NPower Commercial Gas Ltd,"29,643.76"
100891,Number Twenty Two,"10,405.00"
112232,NumberGym Software,"3,277.50"
2505201,Nurse Electrical Ltd,"32,217.25"
103344,Nursery Staff Ltd,"13,443.86"
219301,O2 (UK) Ltd,"2,494.84"
362201,Oades Plant,"1,409.52"
1531201,Oak Tree Nursery,"1,891.65"
3075101,Oakbridge Day Centre,"1,670.09"
2243501,Oakdown St Anthony,"11,274.49"
4099001,OCR,"65,943.60"
939801,OCS Group UK Limited T/A Cannon,"6,609.30"
102166,Office Gold Ltd,"8,700.51"
3799902,Ofsted,"2,101.00"
3077601,Ogilvie Court,"28,364.65"
2374301,Old Windsor Day Centre,"3,325.00"
137901,Old Windsor Lifeguard Club,500.00
131101,Old Windsor Parish Council,500.00
2243601,Old Windsor Pre-School,"12,890.26"
110546,Olm Systems Ltd,"1,955.00"
104906,Omega Electrical Services,547.40
112283,Omi Interactive Ltd,"1,109.75"
112382,Open Wave Limited,"19,550.00"
106407,Opportunity Links,"16,859.00"
2835002,Optimus Education,"1,333.35"
111190,OPUS Business Systems Ltd,835.01
4306801,Orbit U.K.,747.50
24903,Ordnance Survey,"16,805.38"
110185,Orpheus Centre,"50,444.72"
110573,Osborne Clarke,"6,834.80"
101263,Osiris Educational,584.20
110601,Otis Limited,"1,610.42"
112425,Ouch Training Team Ltd,"1,904.40"
110393,Oxford Architects,"113,567.10"
2674901,Oxford Diocesan Board of Education,"185,188.74"
3608501,Oxford Diocesan Education Services Limited,"6,095.98"
2244201,Oxford House Community Care,"17,581.22"
917703,Oxford University Press,"4,899.76"
2392902,Oxfordshire County Council,"125,724.73"
104509,P A Testers LLP,"14,694.06"
111844,P C World,"1,639.89"
96203,Pace Fuelcare Ltd,"5,767.39"
96201,Pace Petroleum Ltd,"10,822.33"
3032301,Paradigm Housing Group Ltd,"240,000.00"
112434,Parago Software Ltd,"4,479.25"
103766,Paragon Group UK Ltd,"1,628.29"
2487501,Parents and Children Together,"1,360.00"
112202,Park Retail Ltd (Love 2 reward),686.00
48002,Parker Merchanting Ltd,802.79
108720,Passmore Care Services Limited,"7,585.84"
111041,Named Individual,"4,022.30"
112449,PATROL,"6,020.40"
112069,Named Individual,"6,583.01"
110593,Named Individual,725.00
110955,Named Individual,900.00
4102601,Pearson Education (Head Office),"3,994.93"
111014,Pearson Education Customer Services,"6,268.44"
101027,Pearson Publishing,"1,725.00"
3522401,Peek Traffic Limited,"12,999.60"
2337701,Pel Services Ltd,"8,495.53"
112432,Peli Products (UK) Ltd,"1,423.59"
108304,People Potential (uk) Ltd,"22,928.36"
138401,People To Places,"71,850.80"
2074901,Pertemps Recruitment Partnership,"379,879.50"
94101,Peter Brett Associates LLP,"56,279.51"
111025,Named Individual,"3,293.75"
110633,Named Individual,650.46
2274801,Peters Bookselling Services,"8,818.15"
105155,PGL Travel Ltd,"10,151.49"
112239,Phase 3 Consulting Ltd,"13,258.18"
102266,Philip Allan Updates,654.05
112404,Named Individual,"4,355.00"
111129,Phoenix Services (Ickenham) Ltd,"21,636.47"
1551701,Phoenix Software Ltd,"10,777.78"
2634301,Phonak UK Ltd,"13,004.20"
3591001,PHS Datashred,"1,788.80"
3049801,PHS Group plc,"12,191.21"
61902,Pims Pumps Ltd,517.50
39902,Pinder Hall Management Committee,"2,000.00"
2287201,Pinehurst Home for The Elderly,"8,676.83"
576101,Pipeline People.Com,"3,211.08"
100661,Piping Hot Plumbing & Heating Ltd,"2,428.60"
3644801,Pirongs Ltd,897.89
112457,PitBitz,"1,549.05"
360604,Pitney Bowes Finance PLC,"1,034.49"
523701,Pitney Bowes MapInfo Ltd,"72,467.35"
111468,PJ Services,600.00
1054601,Plantdisplays Plus,"2,201.54"
100988,Plantmasters Ltd,"5,034.83"
112348,Playline Design Ltd,"3,727.16"
3801501,PMP Consultancy Ltd,"2,898.00"
1564401,PN Landscape & Property Maint,"1,250.00"
112569,Pool Supplies Ltd,"6,330.15"
112063,Portable Offices (Hire) Ltd,"60,561.20"
107297,Portaprompt Limited,"1,817.49"
100641,Positive Lifestyles Partnerships Limited,"13,124.08"
102939,Positive Steps Day Nursery,"26,132.75"
112541,Positive Steps Nursery,857.33
111276,Poste Haste,617.99
2245501,Poundfield Pre School,"11,399.25"
104796,Powerguards Inc Ramping Systems Ltd,"4,630.30"
2897801,PPF Servicing Ltd,"4,107.80"
105067,PRCDTR - Department for Schools,"1,016.00"
368901,Precor Products Ltd,"48,983.80"
103358,Premier Autogas Ltd,"6,243.24"
104923,Premier Concepts,"1,201.75"
4394501,Premier Paper Group,"11,590.61"
111528,Primary Health Care,"13,325.70"
2199901,Print UK Com,"23,560.09"
111420,Printing.com@Grayscale Design,573.55
103263,Priors Court School,"137,048.33"
112175,Pro Teamwear UK,540.63
106011,Proband Ltd,"1,816.84"
111121,Product Development Corporation,"7,997.10"
111964,Profile Engineering & Construction,850.00
110165,Projuice Ltd,"1,292.91"
2390201,Property Maintenance Services,"8,727.98"
34201,Prospec Limited,521.02
112320,Proton (Southern) Limited,"5,974.25"
106405,Providence Projects Limited,"2,531.98"
125803,Prudential Assurance Co Ltd,"46,408.18"
125801,Prudential Assurance Co Ltd,"40,655.77"
3585501,PSP Group Ltd,"5,892.05"
2324701,Pumpkins Pre School,"20,572.50"
360603,Purchase Power,"2,749.35"
106683,PVSL,621.00
3596701,QAS Ltd,"4,347.02"
109149,QBE Insurance,"2,865.80"
2650901,QCA Enterprises Ltd,"1,517.21"
106850,Quality Care Homes (UK) Ltd,"86,036.56"
102298,Quality South East,"3,162.50"
105621,Queensbury Shelters Ltd,"1,023.59"
103463,Quoin Contracts Limited,"23,246.44"
110766,R & M Sound and Light,"6,275.00"
2314101,R D Brett(Electrical Contractor)Ltd,"5,453.56"
467301,R H Sands & Sons,"4,625.00"
111641,R P Commercial Cleaning Services,"2,532.00"
101252,R Watts & Sons,"2,070.00"
112167,R&G Fencing,"1,224.64"
103949,R&M Construction Services Ltd,"2,525.09"
111618,Radcliffe House,"7,221.49"
141290,Rahmqvist Uk Ltd/ Avico Division,"1,688.07"
2324601,Rainbow Pre-School,"12,048.13"
106383,Rapier Systems Ltd,"2,300.00"
111239,Rapkyns,"20,800.00"
2280501,Ray Jenkins Consultancy,"1,311.00"
2246501,REACH Ltd,"43,251.59"
100435,Reactive Graphics,"3,821.45"
2396401,Reading & Wokingham Services Ltd,"7,368.83"
97307,Reading Borough Council,"5,496.42"
97301,Reading Borough Council,"3,182.57"
2290202,Reading Transport (Buses) Ltd,610.17
110414,Record Currency Management Ltd,"46,375.85"
167601,Record RSS Limited,"1,222.45"
4007901,Redstone Converged Solutions Ltd,"32,840.62"
198505,Reed Business Information Ltd,"8,550.25"
100932,Re-Format LLP,"6,574.50"
105253,Reid Office Supplies,553.38
2646901,Reliance Human Resources Ltd,"6,685.98"
112388,Remarkable (Pencils) Ltd,"1,686.52"
3974601,Remploy Furniture,666.89
97501,Renault Trucks Reading,796.35
106157,Resolute Support Services Limited,626.62
107849,Resolution Data Management Ltd,"1,837.70"
111294,Restful Homes (Milton Keynes) Ltd,"9,191.00"
111147,Rex Hurst & Sons Ltd,"2,810.00"
382001,Rexel Senate Electrical Supplies,"1,212.99"
1421901,Rhedin Ltd,"1,896.03"
111386,Richard Clark Training,"1,500.00"
111428,Named Individual,750.00
111578,Richard Neale Associates Ltd,"2,171.85"
107057,Named Individual,572.00
109543,Richard Tyndall Ltd,"1,030.70"
102230,Ricoh UK Ltd,"1,196.33"
28701,RICS Business Services Ltd,590.51
111737,RJD Services Ltd,"3,737.50"
3169201,RM Education plc,"7,051.87"
107066,RM PLC,"1,120.74"
105248,RMBI,"8,067.00"
882101,RNIB,"16,522.42"
111902,Robert Weeks,675.00
104747,Roberts ABCT Services,"14,375.00"
104867,Robinia Care South Ltd,"25,151.49"
105342,Robinsons Hygiene Services Ltd,"2,018.25"
106729,ROC,"5,927.54"
111333,Rocksure Systems Ltd,966.00
2314201,Rollalong Ltd,"40,283.64"
106337,Rollover Ltd,"2,201.30"
112597,Rookery House,"58,703.00"
111285,Rossendales Collect,804.10
102932,ROSTA,"8,038.50"
2272202,Royal Berkshire Fire Authority,"713,834.00"
112592,Royal Borough of Windsor & Maidenhead NPC,"1,595.00"
724101,Royal Collection Enterprises Ltd,797.65
9101,Royal Mail,"36,676.65"
9103,Royal Mail,500.00
2467401,Royal Masonic Benevolent Institute,"12,266.13"
103720,Royal Windsor Racecourse,"12,484.25"
112448,RP Training,553.00
33101,RS Components Ltd,778.61
108195,RSK Geoconsult Ltd,"15,502.00"
100092,RTPI Conferences - Hawksmere Ltd,991.30
106503,Rudolf Steiner School Kings Langley,"2,790.00"
103955,Ruth Miskin Literacy Limited,575.00
101187,Ryslip Group Ltd,708.40
3674901,S & C Slatter,"99,256.50"
61301,S & L Building Services Ltd,"24,134.85"
4291001,Safety First Aid Group,"1,046.50"
104405,Saftynet Solutions,686.55
109571,Samin Travel Ltd,"3,070.50"
2248201,Sandridge House,"40,918.05"
111433,Sands Hotel,"4,640.00"
103346,Sanford House Limited,"6,413.39"
1587201,Savoy Computing Services Ltd,"1,007.40"
111752,Say Two Productions Co Ltd,598.00
2231001,Scholastic Limited,534.50
105262,Schools Direct Supplies Ltd,895.95
102372,Scientific & Chemical Supplies Ltd,965.14
2341601,Scotford & Teasdale,"1,297.79"
111550,Scottish & Southern Energy plc,"6,638.95"
102357,Scottish&Southern Energy PLC T/A South.Electric,"152,049.77"
100194,Screwfix Direct,"4,115.30"
321501,SDK Environment Ltd,"37,071.41"
111006,Searching for Excellence Ltd,"1,800.00"
106398,Sebel Furniture Ltd,512.33
1596301,Security Control Systems,"9,904.38"
2933402,Select Appointments Plc,"1,585.85"
2933403,Select Education plc,"12,060.47"
3686101,Selwyn Care Ltd,"69,859.79"
100534,Semantise Ltd,"37,493.70"
103757,Senad Ltd,711.88
2415801,Sense,"35,916.12"
112317,Sequoia,"6,269.66"
4246501,Serengeti Systems,"31,130.64"
102703,Seton,773.55
4378001,SFD (GB) Ltd,611.35
3850201,Sharpe Pritchard,"14,202.50"
100745,Shaw & Sons Limited,"1,528.70"
112247,Shaw Trust Ltd,"1,650.25"
1859001,Sheen Botanical Labels Ltd,"1,158.05"
128201,Shelfguard Systems,920.00
65101,Sherwood Bros & Burton (Maidenhead) Ltd,"6,141.00"
104130,Shire Beverage Services,"2,251.31"
105686,SHL UK Limited,"5,745.71"
106443,Shoosmiths,"7,705.30"
111456,Shore Floors Ltd,"1,454.05"
37301,Shorts Group Ltd,"1,846.90"
9301,Siemens Financial Services,"5,302.49"
52805,Siemens plc,"2,871.70"
3162001,Siemens PLC,"1,123.49"
42801,Siemens Water Technologies,752.10
107022,Sight and Sound Technology,986.13
110840,Silk Group Ltd,"5,986.96"
2249301,Silver Birches,"20,650.87"
3644301,Simone Surveys Limited,"15,369.75"
109051,Simply Dance (Surrey) Ltd,656.00
110649,Sir Frederick Snow & Partners,"3,456.26"
1293301,Site-Equip Ltd,"2,326.45"
111039,SLK Services (Mr Wali Nazir),"45,474.73"
2573101,Slough Borough Council,"77,763.42"
215901,Slough Borough Council,"12,516.38"
215908,Slough Borough Council,"7,490.00"
3706601,Slough Community Leisure Limited,857.00
112193,Slough Enteprise Ltd,577.47
105219,Slough Pitstop Project Ltd,"1,552.50"
307401,Smallwood,"8,887.80"
112390,sMASHing supplies Limited,"1,655.28"
2301002,SMS Environmental Ltd,"3,749.00"
2301001,SMS Maintenance Ltd,"25,939.77"
1326705,Socitm Consulting Ltd,"7,561.25"
103869,Sodexho Pass,"53,568.81"
195410,Solace Ltd,588.51
112433,Solo Service Group,"84,956.75"
107202,Soundbyte Solutions Ltd,"5,773.00"
2322601,South Ascot Pre-School Ltd,"13,548.00"
23101,South Bucks District Council,"2,228.68"
149801,South East Employers,"10,594.90"
75002,South East Water Plc,"12,565.77"
75009,South East Water Plc,"4,189.55"
2501501,South Gloucestershire Council,"12,512.31"
105453,South Regional Ambulance Ltd,"1,300.00"
75501,Southern Bearing Ltd,"9,584.66"
106390,Southern Communications Ltd,"1,023.69"
46502,Southern Electric,"3,802.46"
46504,Southern Electric Contracting Ltd,"137,600.42"
46512,Southern Electric Contracting Plc,"4,822.20"
46506,Southern Electric Plc,"263,291.67"
46501,Southern Electric Plc,"5,233.92"
46521,Southern Electric Power Distribution Ltd,"5,677.02"
35701,Southside Landscapes,571.00
106854,Sovereign Cars,"76,480.02"
30202,Spadeoak Construction Co Ltd,"3,585.70"
102929,Specialist Schools  and Academies Trust,904.00
102421,SPG Edcuation Marketing,"4,689.70"
100692,Spike Publications,"1,528.35"
108927,Sport and Play Limited,718.75
1528501,Sporting Leisure Ltd,"2,413.62"
108366,Sports Eduction Academy,"2,500.01"
112458,Sprayway Ltd,"1,451.30"
106485,SRCL Ltd,511.21
112368,SSI Schaefer Limited,"88,596.00"
3354401,St Bernards Travel Club,"8,320.39"
2305901,St Christophers School,"83,515.09"
2251801,St Davids,"7,103.34"
2251701,St Davids Care in the Community Ltd,"5,572.55"
112568,St Edmund Campion Parish Nursery,"21,965.63"
2252301,St Elizabeths School,"25,421.47"
2092102,St Francis Pre School,"14,040.51"
2092101,St Francis RC Primary School,"9,539.16"
2004901,St George's School,"24,259.50"
253902,St John Ambulance,"5,531.05"
279101,St Johns Residential School,"26,400.00"
2091501,St Luke's Primary School,"58,457.71"
102893,St Mark's Crescent Methodist Church,"2,995.00"
106056,St Marks Nursing Centre,"136,279.53"
2091602,St Marys Pre School,"20,515.61"
2556501,St Mary's School,"29,856.00"
2092201,St Michaels C E Primary School,"38,582.38"
2322101,St Pirans School Ltd,"35,926.00"
2253001,Stable Family Home Trust,"7,596.62"
111529,Stafford Brown Consultancy,851.00
102754,Stag  Property Maintenance,"2,570.00"
100396,STAIS---Slough Translation&Interpreting Service,"2,249.21"
729501,Stanley Security Solutions,503.42
366401,Stannah Lift Services Limited,774.07
3954102,Staples UK Limited,"1,231.49"
105097,Stars Pre-Nursery,"10,487.25"
104533,Stephanie Blades,"2,191.25"
2253804,Stepping Stones Playgroup,"15,354.01"
112429,Sterling Pinnacle,"1,805.50"
110889,Sterling Supplies,"1,490.40"
102437,STL Communications Ltd,"1,922.69"
111599,STL Services,518.00
3842201,Stone Computers,"31,573.36"
100563,Strata Coring Ltd,"3,726.00"
313301,Street Furnishings Limited,"2,714.07"
170701,Streetmaster Products(South Wales)Limited,"10,953.75"
111970,StreetUK Limited - Pooled Client Monies,"2,000.00"
112401,Strictly Education Limited,"173,209.54"
100843,Stubbings Nursery,"1,302.84"
112353,Named Individual,"1,518.40"
105021,Sunbeam Fostering Agency Limited,"31,073.60"
104198,Sunbench Ltd T/A Trade Windows,"3,200.40"
100000,Sundry General Supplier,"545,862.74"
100556,Sungard Availability Services (UK) Limited,"28,387.76"
103114,Sunita Mohindru,"1,945.67"
783602,Sunlight Service Group Ltd,959.34
131402,Sunningdale Parish Council,"1,666.95"
2324301,Sunningdale Pre School,"14,590.51"
131502,Sunninghill & Ascot Parish Council,"4,050.00"
108378,Supplies Team,"3,685.88"
107567,Supporting U Ltd,"2,766.37"
248101,Surrey County Council,"3,193.00"
111684,Surrey Heath Borough Council,"50,000.00"
111797,Named Individual,522.80
107172,Named Individual,"2,475.00"
106762,Swalcliffe Park School Trust,"25,668.00"
357001,Sweetprice Newsagent,"1,715.48"
102664,Swift Cleaning Services,939.27
3872501,Symbol UK Limited,"2,950.00"
3515001,Systemslink 2000,"2,587.50"
112154,Named Individual,"6,239.00"
3193301,Tag Learning Limited,"1,646.80"
3434001,Talking Newspaper Enterprises Ltd,976.81
100340,Tameside Metropolitan Borough Council,"2,575.00"
111077,Target Vehicle Hire Limited,"25,812.89"
110770,Teach London,"14,582.00"
2329301,Teachers Pensions,"1,437,740.54"
102458,Teaching Personnel Ltd,"1,794.48"
111001,Techniclean Supply Company,"3,919.62"
102461,Technology Supplies,631.36
216801,Telewest Communications Ltd,"25,665.18"
112373,Ten Alps Publishing,862.50
112556,Tendayi Chipanda,929.87
112532,Tenon,"5,232.50"
112124,Text Touch Ltd (Trading As bloo2.com),"1,355.85"
107244,TG Transport & Technical Services,"2,770.00"
102991,Thames Laboratories,"1,552.50"
2896001,Thames Services Group Ltd,"7,364.21"
2592301,Thames Valley Care at Home Service,"49,778.52"
541006,Thames Valley Police Authority,"1,960,352.60"
2713301,Thames Van And Truck Hire,"2,912.75"
45702,Thames Water Utilities Limited,"1,205.32"
45708,Thames Water Utilities Ltd,"35,902.91"
2604201,The Anthony Smith Partnership,"16,879.26"
106469,The Ascot Project,"1,000.00"
2114702,The Award Scheme Ltd,"2,444.99"
102856,The Beehive,667.00
2297501,The Berkshire Nursing Home,"7,680.34"
2322201,The Brigidine School,"8,963.75"
81501,The British Library,510.09
2834901,The Centre For Education Management Ltd,"6,414.34"
108980,The Centre for Public Scrutiny,645.15
3322901,The Children's Trust,"62,320.00"
104580,The Chiltern Centre for Disabled Children,"7,290.00"
111060,The Civic Trust,"1,121.25"
3937901,The Clewer Youth & Community Centre,700.00
2020801,The Coffee Exchange Ltd,563.31
1270101,The Consortium,"17,081.55"
234001,The Cookham Riverside Residential NursingHome,"30,777.28"
2791601,The Copyright Licensing Agency Ltd,"24,228.02"
108994,The Cornerways,"21,083.97"
2964401,The Desk Top Publishing Group,"5,980.02"
2256301,The Disabilities Trust,"126,072.69"
3443601,The Education Network,"4,174.50"
1556001,The Financial Training Co,900.00
100155,The Fostering Network,"1,489.18"
106517,The Freemantle Trust,"93,670.26"
4147001,The Geoinformation Group Limited,527.85
2833001,The Graphic Company,"11,149.88"
101038,The Hall Design Group,"1,065.53"
2282201,The Home Farm Trust,"10,034.30"
66101,The Institute of Internal Auditors-UK and Ireland,"1,521.50"
104855,The Institute of Licensing,"1,008.25"
4082901,The Kingwood Trust,"4,121.38"
108988,The Leisure Pass Group Ltd,"3,238.00"
112230,The Magdalen Project,"3,522.40"
111583,The Mulberry Bush School,"46,780.00"
2639701,The National Autistic Society,"28,478.46"
104919,The Noisy Drinks Company South West Ltd,"1,236.78"
107133,The Oakwood Centre,"1,682.30"
107011,The Otterhayes Trust Ltd,"4,991.79"
3286601,The Pace Centre,"27,860.00"
107775,The Pluss Organisation Ltd,"1,875.27"
108339,The Polish Library,894.79
104605,The Princess Royal Trust Carers Service,"27,474.00"
2517101,The Print & Design Centre Ltd,648.03
2093001,The Queen Anne School,"10,443.11"
104164,The Real Coffee Company Ltd,871.30
102503,The Rhos-y-Gwalian Outdoor Education Trust Ltd,"12,135.00"
4264501,The Royal Air Forces Association,"4,441.50"
25401,The Royal School For Deaf Children Margate,"36,546.00"
107010,The Springs Community,"13,685.79"
5802,The Stationery Office Ltd,"1,049.25"
5812,The Stationery Office Ltd,688.32
108310,The Stilwell Partnership,"8,848.80"
102506,The Teaching Supply Agency,"5,405.00"
111161,The Technologyforge,"31,343.03"
112349,The Thames Group,"15,113.30"
108445,The VAT Consultancy,"1,035.00"
104683,The Voucher Shop,"1,681.50"
2246701,The Ways and Means Trust Ltd,"1,057.89"
1928901,The World Markets Company Plc,"4,968.00"
111095,Thorpe Park Operations,"5,525.00"
110708,Thurston Building Systems,"167,541.22"
106744,Tice Seminars Ltd T/A The Pacific Institute,736.00
2258701,Tilehurst Lodge Residential Home,"14,581.69"
108582,Tilhill Forestry Ltd,"119,081.80"
104322,TK Water Systems,"1,348.78"
108531,TLC Signs,826.56
102718,TMS Consultancy,"1,012.00"
105720,Tonna Care Services Ltd,"2,955.92"
111842,Torpoint Ltd,"6,571.56"
104578,Total Gas & Power Limited,"104,714.67"
2105401,Total Media Communications,822.25
104416,Total Memory & Media Ltd,"2,667.13"
1768201,Touchpaper,"14,967.88"
112565,Touchwood Trees Ltd,"4,390.00"
15601,Tourism South East,"22,952.85"
314901,Town & Country Planning Association,580.00
108851,Toyvend Plc,801.09
112379,Trace Smart,"2,280.45"
4403601,Trafalgar Cleaning Equipment Ltd,778.89
103043,Trane (UK) Limited,994.53
2747301,Translinc,"85,049.74"
112389,Transparency Data,"2,760.00"
110729,transplan UK,"5,797.79"
141341,Travelers Insurance Company Ltd,"95,983.92"
102521,Travis Perkins Trading Co Ltd,"2,896.74"
2267001,Treloars Trust,"43,514.00"
2090001,Trevelyan School,"48,122.09"
111524,Named Individual,"1,956.40"
2093101,Trinity St Stephen CE School,"7,613.94"
102584,Triple A-Ascot Area Alzheimers Support Group,"3,000.00"
112277,Triple P International Ltd,"2,088.95"
109585,Trixter Europe Ltd,"11,496.23"
109533,Truecare Group Ltd,"111,376.27"
112322,Truecare Holdings Ltd,"23,328.54"
3025801,Trustees of Bisham C of E School Trust,"4,750.00"
141114,Trustees Of The Sunninghill Reading Room,"2,373.18"
107092,TSL Education Ltd,"11,608.10"
100337,TTS Group (English in Evidence),"3,357.36"
2258801,Tudor House Residential Home,"33,133.68"
105460,Turning Point,"69,697.19"
1704,Turnstone Support,"301,605.27"
2908401,TVAC Management Trust,"65,371.96"
103918,Ufton Associates,"1,729.03"
106340,UK Road Services Ltd,"3,018.75"
4078401,UK Young Autism Project Ltd,"1,566.80"
126001,Unison,"16,644.49"
111818,United Brands of Scandinavia,552.84
103469,United Voices,"7,625.00"
2258901,Universal Care Ltd,"9,828.15"
615201,Universal Services,"1,157.97"
234601,University Of Reading,500.00
110784,Unsted Park,"28,823.00"
2322301,Upton House School,"31,923.38"
104148,Named Individual,"6,873.90"
112142,V A Hutchinson Flooring Ltd,"5,175.00"
2259001,Valeries Rest Home,"1,698.30"
112061,ValueAdding.com Limited,"11,500.00"
2259101,Vansett Nursing Home,"44,332.74"
108555,Varicon 3D Drives,"1,989.50"
101673,Vehicle and Operator Services Agency,589.00
106067,Ventronic Import Co,798.21
110430,Venues and Events Ltd,"5,175.00"
2500605,Veolia ES Onyx Ltd,"2,276,186.56"
110997,Veredus,"28,434.41"
111924,Viatec UK,846.40
331601,Viking Direct,"4,906.92"
105362,Villa Scalabrini,"4,880.85"
111345,Village End,"2,048.18"
112374,Visit London Limited,"5,750.00"
4266501,Vistorm Limited,"16,234.55"
112398,Vital Energy,661.25
505402,Vodafone Corporate Limited,"1,289.43"
2386302,Vodafone Limited,"1,039.75"
99201,Vodafone Limited (Corporate),"55,677.26"
4382301,Voyage Ltd,"20,634.24"
3535901,W F Howes Ltd,"2,277.54"
106388,W G Pinsent Ltd,788.90
111877,W Kimber T/A Pure & Clear,579.00
101203,W S Atkins (Services) Ltd,"10,797.22"
3873301,W V Howe Ltd,"1,379.55"
438901,Wamdsad,"3,000.00"
438904,Wamdsad Enterprises Ltd,"5,448.27"
1557901,WAMU,"6,564.87"
14111002,Wandsworth Council,"2,000.00"
110956,Waste & Resources Action Programme,"13,592.89"
110481,Watco UK Ltd,800.40
70601,Waterstones Booksellers Limited,"21,909.45"
101432,Watford House Residential Home,"4,495.23"
101122,Weightmans,"1,034.85"
112415,Well Clean,"1,000.00"
22001,Wellington Management International,"186,668.05"
2296501,Wellquick Ltd T/A Call Us,"10,706.30"
2091701,Wessex Primary School,"40,696.39"
2410401,West Berkshire District Council,"48,972.00"
2325101,Westborough Pre School,"7,254.68"
106019,Western Counselling Services Ltd,"3,147.86"
104664,Westminster Ashford Nursing Home,"2,935.22"
121401,WF Electrical Plc,"3,255.09"
2571001,Whispers Care Ltd,"5,554.32"
2290101,White Bus Services,"94,406.08"
2431601,White Knights Travel,825.00
2260001,White Lodge Centre,"3,503.63"
2260101,White Lodge Residential Home,"4,887.61"
131901,White Waltham Parish Council,"5,364.76"
2816701,Whitewater The Canoe Centre,519.20
1922001,Wilkinson Estates,"1,200.00"
103049,Wilks Head and Eve,"2,548.57"
107310,William Blake House,"16,162.51"
2743801,William Davies Ltd (Building Contractors),"98,415.86"
111596,Willmott Dixon Construction Limited,"3,107,283.95"
103694,Willowbank,"22,999.22"
110719,Wilts Wholesale Electrical Company Ltd,"1,239.28"
4361901,Windmill Care Centre,"79,721.13"
105868,Windowflowers Ltd,"3,831.80"
1097901,Windsor & District Housing Association,"31,994.45"
2260201,Windsor & Maidenhead Crossroads Ltd,"64,185.50"
3471401,Windsor & Maidenhead Voluntary Action,"34,500.00"
105606,Windsor & Maidenhead Volunteer Centre,955.00
138201,Windsor Advisory Centre,"1,400.00"
105680,Windsor Club Day Nursery and Creche,"5,538.00"
260701,Windsor Festival Society Ltd,"4,170.01"
137501,Windsor Holiday Playscheme,750.00
1097903,Windsor Housing Ltd,"4,747.23"
2342901,Windsor Mencap,"5,000.00"
2325301,Windsor Montessori School,"11,400.00"
796201,Windsor Plumbing Supplies Ltd,761.06
100768,Windsor Project Management Ltd,"10,928.39"
108908,Windsor Schools Sports Partnership,"1,865.00"
112364,Windsor Theatre Guild,"1,000.00"
102894,Windsor Vehicle Leasing,"1,606.42"
2260301,Winton House Residential Home,"24,675.58"
102574,Wjec,"3,560.30"
251702,Wokingham Borough Council,"7,662.21"
251708,Wokingham Borough Council,"3,160.00"
85204,Wolters Kluwer (UK) Limited,"1,002.89"
4008602,Womens Royal Voluntary Service,"19,627.90"
112344,Woodcraft Timber Buildings Ltd,"2,752.00"
4127401,Woodland Park Youth Club,"1,700.00"
3760001,Woodstock House,"18,360.45"
111691,Wraparound Childcare Ltd,"8,999.50"
132001,Wraysbury Parish Council,"4,331.50"
582101,Wraysbury Primary School,"15,480.06"
112261,Wrightsure Insurance Services (North West) Ltd,"2,998.44"
112521,WSP Development & Transportation,"17,250.01"
178501,Wycombe District Council,"7,806.00"
107000,Wycombe Womens Aid Limited,734.50
102580,Wyre Electrical Services,967.46
2201,X 1 Limited,"20,562.26"
110253,Yellowfoot Experiences Ltd,"2,012.50"
112074,YHA Bowsinger,"1,511.55"
112546,YHA Golant,"1,824.90"
112369,Zmapping Limited,"3,335.00"
3118701,Zoggs International Ltd,"9,507.38"
721101,Zurich Municipal,"2,064.51"
