"Place","Place Code","Chief Executive Current","Town Centre Management Current","Town & Country Planning Current","Facilities/Property Management Current","Policy/Strategic Planning Current","Housing Regeneration Current","eGovernment Current","Community Regeneration Current","Communications - PR & Marketing Current",
"Adur DC","45UB","Mr Ian Lowrie","","","Mr Ken Green, Mr Paul Carter-Johnson, Mr Tim Everett","Mr Ian Lowrie, Mr Jeremy Beales","","","","Ms Cathy Ridge, Ms Carol Stephenson",
"Allerdale DC","16UB","Ms Maggie Mooney","","Mr Rick Outhwaite","Mr William Carruthers, Mr Barrie Thompson","Ms Maggie Mooney","","Mr Steve Brailey","Mr David Martin","Ms Helen Murphy",
"Alnwick DC","35UB","Mr W R Batey","","Mr P Gee, Mr Peter Biggers","Mrs Jane Stratton","","","Mr Richard Branson","","Mrs A Harper",
"Amber Valley DC","17UB","Mr Peter Carney","","Mr C A Whysall","Mr A Hadfield","Mr Peter Carney, Ms J Unwin","","Mr Andy Wilde","Mr C A Whysall","Mr Peter Carney, Ms Lisa Garnham",
"Arun DC","45UC","Mr Ian Sumnall","Mr Richard McMann","Mr Howard Cheadle, Mr Colin Rogers","Mr Nigel Horwill","Mr Ian Sumnall, Mrs Terry Day, Mrs J Ball, Mr Richard Ayres","","Ms Maureen Chaffe","Mr Richard McMann","Mr Joe McMann, MS Claire Lloyd",
"Ashfield DC","37UB","Mr A G Mellor","Mr P G Marshall","Mr Paul Stone","Mr C W Talbot, Mr Paul Stone","Mr J Christopher, Mr A G Mellor, Mr D Hilton, Mr Richard Wilding","","Mr Ian Blyton","Mr Frank Horsley","Mrs Carys Turner-Jones, Mr Frank Horsley",
"Ashford DC","29UB","Mr David Hill","Mrs Viv Kenny","Mr Richard Alderton","Mrs Anne Adams","Mr David Hill, Ms Brigid Burnham, Mr Malcolm Johnston","","Mr Rob Neil","","Ms Brigid Burnham",
"Aylesbury Vale DC","11UB","Mr Andrew Grant","Ms Talia Soleman","Mr N Skedge, Mr J Byrne","Mr P Jones, Mr Steve Humphries","Mr Andrew Grant, Ms Lesley Yates, Ms Stephanie Moffat, Mrs T White","","Mr Jon McGinty","Mr B Murray","Miss T Lane, Mr David Dean",
"Babergh DC","42UB","Mrs Patricia Rockall","","Mr Nick Ward","Mr Ryan Jones","Mrs Patricia Rockall, Mr Mike Hammond","","","Mr Neil Henry","Mr Paul Simon, Mr Tim Mutum",
"Barking & Dagenham LB","00AB","Mr Robert Whiteman","Mr Alan Lazell, Mr R Cook","Mr Jeremy Grint","Mr Nick Kingham, Mr Jim Mack, Ms Jane Hargreaves","Mr Nick Kingham","Mr Ken Jones","","Mr Jeremy Grint, Mr Alan Lazell","Mr Guy Swindle, Mr D Ward",
"Barnet LB","00AC","Mr Leo Boland","","Mr Brian Reynolds, Mr Mike Freestone, Mr Stewart Murray","Mr Andrew Rowland, Mr P Cridland","Mr Sean Powley","","Mr Mike Kallas","Mr Brian Reynolds, Ms Lorraine Butler","Ms Emer Coleman, Ms Rachel Tansley, Mr Stephen Shawcross",
"Barnsley MD","00CC","Mr Philip Coppard","Mrs Zoe Stewart","Ms Ruth Middleton, Mr Chris McCarthy","Ms Debra Buckingham, Mr Alan White, Mr Tom Storey","Mr Richard Fryer, Mr Gary Salter, Mr Philip Coppard, Ms Philippa Corner","","Mr Ken Rutt, Mr Chris Partridge","Ms Carol Cooper-Smith","Mr Richard Fryer",
"Barrow-in-Furness DC","16UC","Mr T O Campbell","","","Mr Phil Huck, Mr D Joyce","Mr Jeff Bright, Mr T O Campbell, Mr Phil Huck","","Mr Mick McKinnell","","Mr T O Campbell",
"Basildon DC","22UB","Mr Bala Mahendran","Mr D Smith","Ms Dawn French","Mr D Chapronier, Ms Jackie Laidlaw, Ms Dawn French, Mr Greig Jones","Mr Bala Mahendran, Mr Ian Butt, Mr D Smith, Mr G Levelle","","Ms Jackie Laidlaw","Mr D Smith, Ms Mel Godfrey","Mr Trevor Jones",
"Basingstoke & Deane DC","24UB","Mr Tony Curtis","Ms Helen Harbour","Ms Karen Brimacombe, Ms Nicky Linihan","Mr Kevin Jaquest, Ms Helen Harbour","Mr Tony Curtis, Mrs Dorcas Bunton, Mr Tim Boschi, Ms Therese Lawlor","","","Ms Karen Brimacombe, Ms Elizabeth Verner","Mrs Natalie Sweet",
"Bassetlaw DC","37UC","Mr David Hunter","Mr Russell Slater","Mr Chris Shaw","Mr Mike Hill","Mr Steve Brown, Mr David Hunter","","Mr Mick Coley","Mr Chris Shaw, Mr David Armiger","",
"Bath & N E Somerset UA","00HA","Mr John Everitt","","Mr David Trigwell, Mr Peter Rowntree","Mr Tom McBain, Mr Richard Szadziewski","Mr Dave Thompson, Mr John Everitt, Mr David Trethewey, Mr John Betty, Mr Richard Szadziewski, Ms Fiona Venton-Harvey","","Mr Austin Warren","Ms Susan Bowen, Mr Robin Bischert","Mr Dave Thompson, Mr Jonathan Mercer",
"Bedford DC","09UD","Mr Shaun Field","Mr R Woodall","Mr D K Bailey","Mr D Joyce","Mr Shaun Field","","Mr L McCardle","Mr G Johnston, Mr T Roff, Mr R Woodall","Mr Keiron Fletcher, Mr K Simmons",
"Bedfordshire CC","9","Mr Martin Reeves","","Mr Glenn Barcham, Mr Richard Watts","Mr Michael Gallacher","Ms Tasnim Shawkat, Mr Ian Porter, Mr Martin Reeves","","","Ms Liz Wade","Mr Andy Allsopp",
"Berwick-upon-Tweed DC","35UC","Mrs Jane Pannell","Mr P Rutherford","Mr P Rutherford, Mrs S Alexander","Mr C J Budzynski, Mr M Haynes","Mrs Jane Pannell, Ms April Shelley","","Mr Nick Latham","Mr Tim Kirton","Ms April Shelley",
"Bexley LB","00AD","Mr Anthony McKeever","Mr Chris Donovan","Mr Chris Donovan, Mr Peter Ellershaw","Mr Geoff Watts, Mr Steve Wall, Mr Peter Ellershaw, Mr Steve Yorke","Mr Andrew Cresswell, Ms Rose Murphy, Mr Adrian Smith","","Ms Pat Alderton","Mr Chris Donovan","Ms Pat Alderton, Mr John Ferry, Ms Rose Murphy, Mr Keith Francis",
"Birmingham MD","00CN","Mr Stephen Hughes","Ms Jenny Inglis","Mr John Culligan, Mr Clive Dutton","Mr Peter Jones","Ms Penny Smith, Mr Stephen Hughes, Mr Jason Lowther, Mr John Cade","","Mr Stephen Fear","Ms Jill Robinson, Mr Waheed Nazir, Mr Nigel Peardon","Ms Fiona Cohn",
"Blaby DC","31UB","Mrs Sandra Whiles","Mr S Oldham","Mr Andrew Etherington, Mr P Clarke, Mr Steve Beard","","Mrs Sandra Whiles, Ms Jane Toman, Mr S Oldham","","Mrs Julie Hutchinson","Mr John Leach","Ms Julie Hutchinson",
"Blackburn with Darwen UA","00EX","Mr Graham Burgess","Mr Tony Fitzgerald","Mr Adam Scott","Mr David Fee, Ms Helen Olive, Mr Graham Tattersal, Mr Graham Cowley","Mrs Sarah Harris, Mr Tom Stannard, Ms Ros Davies, Ms Sarah Henry","","Ms Gillian Duxbury, Ms Nicky David","Mr Andrew Lightfoot","Ms S Halliwell, Ms Angela Ingram, Mr Tom Stannard, Mr Mark Taylor",
"Blackpool UA","00EY","Mr S Weaver","Mr Lee Paddock","Mr Tim Brown","Mr Steve Williamson, Mr Digby Mouldon","Mr Andrew Pollock, Mr Alan Cavill, Mr S Weaver, Mr J S Kearsley","","Mr Philip Baron","Mr Alan Cavill","Mr Alan Cavill, Mrs S Elliott, Ms Barbara Aird, Ms Nicole Topham",
"Blyth Valley DC","35UD","Mr Geoff Paul","Mr S Robson, Mr David Garrett","Mr S Robson, Mr Bill Tarbit","Mr D Earl","Mr Geoff Paul, Mr Bill Lowry","","","Mr C Simpson, Mr Bill Tarbit","Mrs Christina Shaw",
"Bolsover DC","17UC","Mr Wes Lumley","","Mr Stuart Tomlinson, Mr Graham Clarke","","Mr Wes Lumley, Mrs Jane Foley","","Ms Liz Ball","Mr Stuart Tomlinson, Mr David Eccles","Mr Wes Lumley, Mr Scott Chambers",
"Bolton MD","00BL","Mr Sean Harris","Mrs Cathy Savage","Mr Tim Hill, Mr Malcolm Cox","Mr Peter Marsh","Mr Sean Harris, Mr Andrew Donaldson, Mr Ralph Etham","Mr Jeff Smethurst","Mr Mario Devargas","","Ms Sue Strange, Mr Geofrey Bennette",
"Boston DC","32UB","Mr Mick Gallagher","","Mr Steve Lumb, Mr Phil Drury, Mr Nick Harding","","Mr Mick Gallagher, Mrs Helen Gill, Mr Ian Farmer","","","Ms Bev Smith","Ms Sue Lawson",
"Bournemouth UA","00HN","Mrs Pam Donnellan","Mr Stephen Godsall, Mr Roger Parker","Mr Mike Holmes","Ms Ann Hinton, Mr Gary Platt","Mrs Pam Donnellan, Mr Keith Bowers, Mr John Wicks","","Mr Mark Baillie","","Ms Jo Evans, Mr Mark Smith",
"Bracknell Forest UA","00MA","Mr Timothy Wheadon","Mr Graham Mountford","Mr Vincent Paliczka, Ms Beverly Hindle, Mr Vincent Haines","Ms Alison Sanders, Mr Steven Milne, Mr David Elmes","Mr Timothy Wheadon","","Mr Pat Keane","","Ms Louise Jones",
"Bradford MD","00CX","Mr Tony Reeves","Mr Patrick Wiggins, Ms Geena Glot","Mr Patrick Wiggins, Mr Barra Mac Ruairi","Mrs Linda Carmichael, Mr Mike Bell, Mr Roger Sheard","Mr Tony Reeves, Mr Phil Williams, Mr A Bashir","","","Ms Jo Miller, Mr Patrick Wiggins","",
"Braintree DC","22UC","Mr Allan Reid","","Mr Peter Crofts, Mr Alan Southerby","Mr Andrew Epsom","Mr Allan Reid, Mr P Dempsey, Mrs Sara Moutard","","Ms Cherie Root","Mr Russell Everard","Mr Christopher Trim",
"Breckland DC","33UB","Mr Trevor Holden","","","Mr Ray Johnson","Mr Trevor Holden, Mr Steve James, Mr Mark Broughton","","","Mr Ray Johnson, Mr Rob Walker","Ms Pam Sayle, Mr Steve James, Mr Mark Stokes",
"Brent LB","00AE","Mr Gareth Daniel","","Mr Michael Read, Mr Chris Walker, Mr Mark Rimmer","Mr Keith Surey, Mr Richard Barrett","Mr Gareth Daniel, Mr Keith Surey","Ms Maggie Rafalowicz","Mr Dane Wright, Mr Brian Gordon","Mr Philip Newby","",
"Brentwood DC","22UD","Ms Joanna Killian","Mrs Jane Keane","Mr Peter Geraghty","Mr Mike Allen, Mr Cliff Constable","Ms Joanna Killian","","Mr Simon Bennett","","Ms Lisa Stroulger, Mrs Shelley King",
"Bridgnorth DC","39UB","Mr J Harmeston","","Mr T Tarran, Mr P Lindsell","Mr P Hughes, Mr R Mullard","Mr J Harmeston, Ms Andrew McWilliams, Mr J Hodkinson, Ms Rose Norman","","Mr S Caulkin","Mr P Lindsell","",
"Brighton & Hove UA","00ML","Mr Alan McCarthy","Ms Susie Campbell","","Ms Angela Dymott, Ms Catherine Vaughan","Mr Alan McCarthy, Mr Alex Bailey","","","Ms Cheryl Finella","",
"Bristol UA","00HB","Mr Jan Armondroyd","","Mr Stephen Wray, Mr David Bishop, Mr Steve Perry","Mr Andrew McGrath, Mr Carew Reynell, Mr Alun Owen","Mr Jan Armondroyd, Mr Robert Britton, Ms Helen Ball","","","Mr David Bishop, Ms Ashy McKay","Mr Simon Caplan",
"Broadland DC","33UC","Mr C R Bland","","Mr Roger Borroughs, Mr Phil Kirby","Mr Stephen Fennell, Mr Steve Jackman","Mr C R Bland, Mrs Liz Ashness, Ms Liz Mowle, Mr Matthew Cross, Mr Phil Kirby","","Mr Stephen Fennell, Mr Matthew Cross","","Mr Chris Hill, Mr Matthew Cross",
"Bromley LB","00AF","Mr Doug Patterson","Mr Peter Martin","Mr Bob MsQuillan","Mr F Whiting","Mr Doug Patterson, Mr John Hazeldine","Mr David Gibson","Mr Jim Haslem","Mr Peter Martin","Ms Janet Ettridge, Ms Sheila Bennett",
"Bromsgrove DC","47UB","Mr K Dicks","","Mr Phil Street, Mr D Hammond","Mrs C Felton","Mr Hugh Bennett, Mr K Dicks, Ms Deborah Poole","","Mr T Beirne, Ms Deborah Poole","","Mr Hugh Bennett, Mrs Mary Pryce",
"Broxbourne DC","26UB","Mr M J Walker","","","Mr J Stack","Mr M J Walker","","Mr Roy Webb","","Ms Angela Fieldhouse",
"Broxtowe DC","37UD","Mrs R Hyde","","Mr Steve Dance, Mr P Stone","Mr Ashley Marriott, Mr Matthew Kirk","Mrs R Hyde","","","","Mrs J Harwood",
"Buckinghamshire CC","11","Mr Chris Williams","","Mr Graham Winwright, Mr N Gibson","","Mr Chris Williams, Mrs G Hibberd, Mrs S Ashmead","","Ms Bobby Cartin","Mr N Gibson","Mr Carl Welham",
"Burnley DC","30UD","Mr Steve Rumbelow","Mr M Cook","Mr David Brown, Ms S Graham","Mr Terry Preston, Ms Farida Ahmed","Mr Steve Rumbelow, Mr T S Forshaw","","Mr M Cartledge","Mr M Cook, Mr M Wellock, Mr H J A Simpson","Mrs S Richardson, Mr M Cook",
"Bury MD","00BM","Mr M Sanders","","Mr Brian Daniel, Mr G Atkinson","Mr K Beamer","Mrs Ruth Fairhurst, Mr M Sanders, Mr M Kelly, Mrs D Brandon","","Mr M Owen","","Mrs K Quinn",
"Calderdale MD","00CY","Mr Owen Williams","Ms Beth Ward","Mr Ian Thompson, Mr Andy Edwards","Mr Richard Makin","Mr Owen Williams","","Ms Diane Cheesebrough","Mr Ian Thompson, Mr Andy Edwards","",
"Cambridge DC","12UB","Mr Robert Hammond","Ms Emma Thornton, Ms Jackie Hanson","Mr Simon Payne","Ms Antoinette Jackson, Mr Dave Prinsep","Mr Robert Hammond, Mr Trevor Woollams, Ms Victoria Davidson, Ms Alison Cole, Mr Graham Saint","","Mr James Nightingale","","Ms Antoinette Jackson",
"Cambridgeshire CC","12","Mr Mark Lloyd","","Mr Graham Hughes","Mr Nicholas Dawe, Ms Angela Bucksey","Mr Brian Smith, Mr Nicholas Dawe, Mr Mark Baker","","Ms Debbie Bondi","Ms Julia Barrett","Mr Paul Ainsworth, Mr Bob Pearson",
"Camden LB","00AG","Ms Moira Gibb","Mr Tom McMahon","Ms Rachel Stopard","Mr David Tullis","Mr Michael Scorer, Ms Moira Gibb, Ms Claire Tunley, Ms Halima Khan","","","","Ms Teresa Burnett, Ms Suzannah Agatham",
"Cannock Chase DC","41UB","Mr Stephen Brown","Mr Bob Phillips","Mr Bob Phillips","Mr Les Trigg, Mr Geoff Winslow","Mr Stephen Brown, Mr Phillip Lloyd-Williams, Mr Tony McGovern, Mr Declan Hoare","","Mr Tan Ali","Mr Bob Phillips","Ms Kathryn Cooper",
"Canterbury DC","29UC","Mr C Carmichael","Mr Philippe Esclasse, Mr Ian Brown","Mr L Majer","Mr D Reed, Mr M Burgess, Mr Martin Bovingdon","Mr C Carmichael, Mr Mark Bursnell, Mr Ian Brown","","Mr Andrew Griffin","Mr Ian Brown","Mrs J McGuinness",
"Caradon DC","15UB","Mr Byron Davies","Mr Stephen Vinson","Mr Keith Rolfe","Mr J Masters","Mr Byron Davies","","Mr Ian Foster","Mr Stephen Vinson","Ms Lisa Ridley, Ms Elizabeth Frederick-Preece",
"Carlisle DC","16UD","Ms Maggie Mooney","Ms Catherine Elliot","Mr Michael Battersby, Mr Alan Eales","Mr Michael Battersby, Mr Raymond Simmons","Ms Caolyn Curr, Mr John Mallinson","","Mr John Nutley","Ms Catherine Elliot","Miss J Osborne, Ms Maggie Mooney",
"Carrick DC","15UC","Mr John Winskill","","Mr K Roberts","Mr Julian Kitto","Mr John Winskill, Mr M Freeman","","Mr P Critchley, Mr P A Rowe","","Mr P A Rowe",
"Castle Morpeth DC","35UE","Mr Ken Dunbar","","Mr Trevor Walker, Mr Hugh Edmundson","Mr D Thompson, Mr Barry Scarr","","","Ms Kim Sweeney","Mr Trevor Walker, Mr Graham Bone, Ms Ailsa Coverdale","",
"Castle Point DC","22UE","Mr David Marchant","Mr A R Longford","Mr I P Burchill, Mr S Rogers","Mr David Marchant, Mr Jarl Jansen","Mr David Marchant, Mr C Watts","","Mr C Watts, Mr Barry Delf","","Mr David Marchant",
"Charnwood DC","31UC","Mr Brian Hayes","","Mr Dave Hankin, Mr Richard Bennett","Mrs Rowena Hilton, Mr John Leney","Mr Brian Hayes, Mr Steve Phipps, Mrs Rowena Hilton, Mr Adrian Ward","","","Mr Jonathan Hale, Mr David Puxley","Mr Brian Hayes, Mrs Sonia Collier",
"Chelmsford DC","22UF","Mr Steve Packham","Mr Michael Wray","Mr David Green","Mr P Danskin, Mr Nick Eveleigh, Mr K Nicholson, Mr A Price","Mrs June Clare","","Ms Carolyn Darby","Mr David Green","Ms Louise Goodwin",
"Cheltenham DC","23UB","Mr Andrew North","Mr M Quantock","Mr Mike Redman","Mr Mark Sheldon","Mrs Jane Griffiths, Ms Jacqueline Tavener, Mr Andrew North, Mr Richard Gibson","","Ms Jacqueline Tavener, Mr John Steed","","Mrs Jane Griffiths, Mr John Steed",
"Cherwell DC","38UB","Ms Mary Harpley","","Mr Duncan Chadwick, Mr Nigel Evans, Mr John Hoad","Mr David Marriott","Ms Mary Harpley, Mr Mike Carroll, Mrs Deborah Ginns","","Ms Pat Simpson","Mr John Hoad","Ms Pat Simpson, Mrs Deborah Ginns",
"Cheshire CC","13","Mr Jeremy Taylor","","","Mr Ian Gould","Mr Jeremy Taylor, Mr Alistair Jeffs, Mr Paul Heath","","","","Ms Lisa Green, Mr Adrian Waddelove, Mr Ian Callister",
"Chester DC","13UB","Mr Chris Hardy","Mr P Hartwell, Mr Mike Dix","","Mr Cliff Mallows, Mr Richard Green","Mr Syd Jones, Mr Chris Hardy","Mr Chris Seward","Mrs Mair Houlker","Mr Chris Seward","Mr Mike Dix, Mr M McGivern",
"Chesterfield DC","17UD","Mr Huw Bowen","Mr Jim Moore","Mr Mike Hayden","Mr Roger Westwood","Mr Mick Pidcock, Mrs Viv MacDonald","","Mr Warwick Andrew","","Mr J Smith",
"Chester-le-Street DC","20UB","Mr Roy Templeman","Ms Leila Dawson","Mr S Reed","Ms Leila Dawson","Mr Ian Forster, Mr Roy Templeman, Ms Julie Underwood","","Mr Graeme Clark","","Mr Henk Geertsema",
"Chichester DC","45UD","Mr John Marsland","","Mr Sam Howes","Mr K Morgan, Mr Sam Howes","Mr John Marsland, Mr Steven Kane","","Mrs J Dodsworth","","Ms Sarah Parker",
"Chiltern DC","11UC","Mr A Goodrum","","Mrs Gill Gowing","Mr Martin Holt","Mr A Goodrum","","","","Ms J Wozowicz",
"Chorley DC","30UE","Mrs Donna Hall","Mrs Jane Meek","","","Mr Gary Hall, Mrs Lesley-Ann Fenton, Mrs Donna Hall, Mr Tim Murphy","","Mr Tim Murphy","Mrs Jane Meek","Mr Jamie Carson, Ms Shelley Wright",
"Christchurch DC","19UC","Mr Michael Turvey","","Ms Melanie Sutton, Mr Nigel Davies, Mr W Barraball, Ms J Mitchell, Ms Kim Bowditch","Mr Philip Marston","Mr Michael Turvey, Mr Sean Hawkins, Mr David Barnes","","","","Mr David Barnes, Mr A Wood",
"City of London","00AA","Mr Christopher Duffield","","","","","","","","",
"Colchester DC","22UG","Mr Adrian Pritchard","Mr Michael Crouch","Mr Ian Vipond, Mrs Pam Donnelly","Ms Ann Wain, Mr Charles Warboys, Mrs Lyndsay Barker","Mr Adrian Pritchard, Ms Ann Wain, Mr John Gilbert","","Ms Ann Wain, Mr Danny Dowling","Mr Ian Vipond, Mr Michael Crouch, Mrs Lyndsay Barker","Mr John Gilbert",
"Congleton DC","13UC","Mr Glyn Chambers","","Mr Glyn Chambers","","Mr Peter Sutton","","Mr Neil West","Ms V Quayle","",
"Copeland DC","16UE","Mr Liam Murphy","","Mr Tony Pomfret, Mr J Hughes","Mr J McGrady","Mr Liam Murphy, Ms Julie Crellin, Mrs H Mitchell","","Mrs H Mitchell","Mr Fergus McMorrow, Mr K Parker, Mr Steve Smith, Mr J Hughes","Mr Ian Curwen",
"Corby DC","34UB","Mr Chris Mallender","","Mr Norman Stronach, Ms Rebecca Yee","","Mr Chris Mallender","","Mr Paul Hymers","Mrs Angela Warburton","Ms Madelaine McAlpine",
"Cornwall CC","15","Ms S Healy","","Mr Richard Fish","Mr D Hayhoe","Ms S Healy, Mr Rob Andrew","","Ms Pamela O'Hanlon","Mr D M Pattison","Ms C Theobald",
"Cotswold DC","23UC","Mr Robert Austin","","Ms Anne Brinkhoff","Mr Andrew Russell","Ms Anne Brinkhoff","","","","Mrs Claire McGine",
"Coventry MD","00CQ","Ms Bev Messinger","","Mr Trevor Errington","Mr Ian Johnson, Mr Michael Parker","Ms Bev Messinger, Mr Roger Hughes","","Mr Alan French","Mr Carl Pearson","Mrs Fran Collingham",
"Craven DC","36UB","Mr Brian Dinsdale","","Mr Colin Walker, Ms Sian Watson","Ms Sian Watson","Mr Brian Dinsdale","","Mr Jonathan Kerr","Mr Jonathan Kerr, Mr David Smurthwaite","Mr Brian Dinsdale",
"Crawley DC","45UE","Mr Lee Harris","Mr Bob O'Brien","Mr Peter Browning, Mr Ted Beresford-Knox","Mr John MacDonald","Mr Lee Harris, Ms Carrie Burton","","","Mr Steve Sawyer, Mr John Threaves","Mr Lee Harris, Mr Mark Robinson",
"Crewe & Nantwich DC","13UD","Mr Paul Ancell","Mrs Eileen Dodd","Mr Alan Millington","","Mr Paul Ancell","","Mr Keith Sutton","Mr Gareth Roberts","",
"Croydon LB","00AH","Mr Jon Rouse","","Mr Phillip Goodwin","Mrs Jane Jordan, Mr Tony Middleton","Mr Jon Rouse, Mr Will Tuckley, Mr David Freeman","","","Mr Richard Wragg","Mr R K Gibbs, Ms Paula Howell",
"Cumbria CC","16","Mr Peter Stybelski","","Mr S Gorman","Ms B Wile, Ms Sue Castle-Clarke, Mr Sean Reed, Mr David May","Mr Michael Hyatt, Mr Peter Stybelski, Mr Michael Watmough, Mrs Sue Stevenson, Mr Duncan McQueen","","","Mr Charles Green, Miss Katherine Hornby","Mr Stephen Park, Mr Stuart Pate, Mr Gareth Cosslett",
"Dacorum DC","26UC","Mr Daniel Zammit","Mr Jim Guiton","Mr Mike Peters, Mr James Doe","Mr Brian Howlett, Mr Mike Peters","Mrs Janice Milsom","","Ms Jaqui Campbell, Ms Judith Richardson","Mr James Doe, Mrs Amanda Kentish","Ms Louise Oughton",
"Darlington UA","00EH","Ms Ada Burns","Mrs Gwenda Jones, Ms Chrstine Kavanagh","Mr Richard Alty","Mr Brian Boggon, Mr Guy Metcalf, Ms Elaine Hufford, Mr Brian Dobinson, Mr Shaun Carr","Ms Lorraine O'Donnell, Mr Brian Boggon, Mr Steve Petch, Ms Ada Burns, Ms Sharon Brown, Mr Andy Robinson, Mr Craig Holden","Mr Alan Glew","Mr Ken Walker","Mr Richard Alty, Mr Steve Petch, Mrs Gwenda Jones, Ms Gwendalyn Jones, Mr Steve Petch","Mr Steve Jones",
"Dartford DC","29UD","Mr Graham Harris","","Ms Teresa Ryszkowska, Mr R Scott","Mr S Brooks, Mr D Fletcher","Mr A Gowan","","Mr Rob Moore","","Mr Tom Carney",
"Daventry DC","34UC","Mr S Bovey","Mr S Bowers","Mrs M Taylor","Mr S Bowers, Mr Andrew Chiltern","Mr S Bovey","","Mrs P Green, Mr P Hammond","Mr S Bowers","Ms Becky Hutson",
"Derby UA","00FK","Mr Ray Cowlishaw","","Mr Richard Williams, Mr Jonathan Guest, Mr Alan Smith, Mr Rob Salmon","Mr Jim Burns, Mr Chris Edwards, Mr Keith Forrest, Mr Steve Meynell, Mr Michael Foote, Ms Sandra Cole, Mr Tim Findlay, Mr Mike Bagworth","Mrs Carolyn Wright, Mr John Cornall, Mr Ray Cowlishaw, Mr Gordon Stirling","","Mr John Cornall, Mr Jason Gruber, Ms Sally Coldron","Mr Jonathan Guest, Mr Alan Smith","Mr Keith Forrest",
"Derbyshire CC","17","Mr Nick Hodgson","","Ms Allison Thomas","Mr Alan Beastall, Mr Gerald Tommy, Mr Stephen Gerrard","Mr Nick Hodgson, Mr David Gurney, Mr Steve Cannon, Mr Jim Seymour","","Ms Stephanie Walsh","","Mr Rod Cook",
"Derbyshire Dales DC","17UF","Mr David Wheatcroft","","Mr David Brooks, Mr Paul Wilson","","Mr David Wheatcroft, Dr Steve Capes","","Mr Philip Colledge","","",
"Derwentside DC","20UD","Mr Mike Clark","Mrs M Moore","Mr J Pearson, Mr P Reynolds","Mr D Knowd, Mr J Pearson, Mr P McDowell, Mr G Darby","Mr Tom Gorman, Mr Gordon Elliott, Mr N Tzamarias","","Mr Tom Gorman","Mrs M Moore, Mr J Pearson","",
"Devon CC","18","Dr Phil Norrey","","Mr Malcolm West","Mr Steve Daw","Ms Heather Barnes, Mr Adrian Forster","","Mr Chris Barnett","Ms Sue Smith","Mr Peter Doyle, Ms Sam Hill",
"Doncaster MD","00CE","Mr Paul Hart","Mr Roy Dean, Mr Dave Hazzard","Mr Andy Gutherson, Mr Peter Dale, Mr Steve Dann, Mr Christian Foster","Ms Joanne Lodge","Mr Scott Cardwell, Ms Jane Baxter, Mr Howard Monk, Mr Paul Hart","","Mr Stuart Hall","Ms Gill Gillies, Ms Julie Grant, Mr Steve Dann, Mr Steve Szostak, Mr Lee Tillman, Mr Dave Hazzard, Ms Julie Wilson","Ms Lorna McClement",
"Dorset CC","19","Mr David Jenkins","","Mr M Butler, Mr D Gobbett, Mr Andy Price","Mr S W Cheeseman","Mrs Emma Lindsay, Mr David Jenkins, Ms D Appleby","","Mr R Pascoe","Miss M Staple","Mrs Sue Hyde",
"Dover DC","29UE","Mr Nadeem Aziz","","Mr Mike Dawson","Mr Roger Walton, Mr Rob Easton","Mr Mike Davis","","Mr Andrew Watson","","Mr Andrew Steele",
"Dudley MD","00CR","Mr Andrew Sparke","Mr John Millar","Mr John Millar, MS Helen Brookes-Martin","Mr John Polychronakis","Mr Andrew Sparke, Mr Steve Woodall","","Mr Dalkeith Foster","","Ms Jayne Surman",
"Durham CC","20","Mr John Richardson","","Mr Roger Elphick OBE","Mr Ken Pearson","Mrs Ann Campbell, Ms Rosemary Laxton, Mr John Richardson","","Ms Lesley Davies","Mr Bob Ward","Mr Stewart Watkins",
"Durham City DC","20UE","Mr David Marrs","","Mr D P R Thornborrow","Miss E Hall, Mr A Moscardini","Miss E Hall, Mr David Marrs","","Mr B Mitchell","Mr M Thompson","Ms Jan Hilary",
"Ealing LB","00AJ","Mr Dara Singh","","","Mr Anthony Kemp, Mr Brendon Walsh, Mr Richard Ennis","Mr Dara Singh, Mr Graeme McDonald, Ms Laura Langstaff","Ms C Rowlands, Mr Dave Ewart","Mr Anthony Kemp","Mr Brendon Walsh, Mr Pat Hayes","Mr Peter Morris",
"Easington DC","20UF","Mrs Janet Johnson","","","","","","","","",
"East Cambridgeshire DC","12UC","Mr John Hill","Mr David Archer","Mr David Archer, Mr Geoff Hughes","Mr Andrew Killington, Mr Robin Dunn","Mr John Hill, Ms Liz Knox, Mr S Thornley, Mrs Kathy Batey","","Mr Andrew Killington, Ms Annette Wade","Mr Geoff Hughes, Miss Shirley Blake","Mr John Hill",
"East Devon DC","18UB","Mr M R Williams","","Mr K Hassan, Mrs K Little","","Mr M R Williams, Ms D Lyon","","Ms D Lyon","Mr Nigel Harrison","Mr M R Williams",
"East Dorset DC","19UD","Mr Alan Breakwell","","Mr M Hirsh, Mr W Wallace","Mr J Ross","Mr Alan Breakwell, Mrs S Griggs","","Mr Vic Smith, Mr D Faulder","","Mrs S Griggs",
"East Hampshire DC","24UC","Mr Will Godfrey","","Mr Bill Price, Mr Gill Kneller, Mr Daryl Phillips, Ms Sam Ayliffe","Mrs Julia Potter, Mr Chris Fairhead","Mr Will Godfrey, Miss Daphne Gardner, Mr Robert Chambers","","Mr Howard Puddy","Mr Mike Gibbs","Mr Steve Bradley, mS Debbie Vodden, Mr Tom Horwood",
"East Hertfordshire DC","26UD","Ms Anne Freimanis","","Mr Simon Drinkwater, Mr Kevin Steptoe","Mr Steve Whinnett, Mr Martin Shrosbree","Ms Ceri Pettit, Ms Lois Prior","","Mr George Robertson, Mr Neil Sloper, Mr Patrick Newman, Mr Tony Hall","Ms Anne Freimanis","Ms Anne Freimanis, Mr Will O'Neil, Ms Lois Prior",
"East Lindsey DC","32UC","Mr Nigel Howells","","Mr Paul Robinson, Mr Simon Machen, Mr Ian Trowsdale","Mr Gary Sargeant","Ms Sue Griffiths, Mr Nigel Howells","","Mr Paul Wilson","Mr Simon Machen","Mr Nigel Howells",
"East Northamptonshire DC","34UD","Mr David Oliver","","Mrs B J Ding, Mr Trevor Watson","Mr R Austin","Mr David Oliver, Mr Mark Lovell, Mrs B J Ding, Ms Katy Everitt, Mrs Lisa Hyde","","Mrs Lisa Hyde","","Mrs B J Ding, Mrs Lisa Hyde",
"East Riding of Yorkshire UA","00FB","Mr Nigel Pearson","Mr Alan Menzies, Mr John Lister","Ms Sue Lockwood, Mr Alan Menzies, Mr Philip Parker, Mr Pete Ashcroft","Ms Sue Lockwood, Mr Doug Kermode, Ms Kristan Livingston, Mr Richard Simpson, Mr John Read","Mr Nigel Pearson, Mr Barry Adams, Mr David Smith, Ms Ann Woodward, Ms Gillian Barley, Mr Simon Lowe, Mr Glen Hindhaugh, Mr Peter Beckwith","","Mr Mike Weston, Ms Brigette Giles","Mr Alan Menzies, Mr Paul Bellotti","Mr Andrew Milner, Mr Richard Primmer, Ms Sarah Mainprize, Ms Angela Dixon, Mr Andy Gray",
"East Staffordshire DC","41UC","Ms Jeanette McGarry","Mr Mahmood Azam","Mr Tim Furnell","Mr Peter Clark","Ms Jeanette McGarry, Mr Andy O'Brien","","Mr Clive Bennett","Mr Mahmood Azam, Mr Dean Piper, Ms Sandra Ford","Mr Chris Ebberley",
"East Sussex CC","21","Mrs Cheryl Miller","","Mr Tony Cook","","Mr Alistair Robson, Mrs Cheryl Miller, Mr Andrew Ogden, Ms Becky Shaw","","Ms Shirley Hamilton, Mr Kevin Purdie","Mr Kieran McNamara","Ms Becky Shaw, Mrs Lynn Evans",
"Eastbourne DC","21UC","Mr Martin Ray","Mr Norman Kinnish","Mr Adrian Ash, Mr Jeff Collard","Mr Mark Probyn, Ms Alice Rowland","Mr Peter Finnis, Mr Martin Ray, Mr Norman Kinnish","","Mrs Diane Bagley, Mr H Branson","Mr Adrian Ash, Mrs Penny Shearer","Mr Peter Finnis",
"Eastleigh DC","24UD","Miss Bernie Topham","Mr Dennis Chandler","","Mr John Gregory","Ms Christine Holloway, Mr Nick Tustian, Miss Bernie Topham, Ms Carol Newland","","Ms Christine Holloway, Ms Jasvir Chohan, Mr John Gasson","Ms Susan Robbins","Ms Christine Holloway, Mr Steve Collins, Mr Len Shelton",
"Eden DC","16UF","Mr Kevin Douglas","","Mr Gwyn Clark","Mr Paul Brunsdon","Mrs Ruth Atkinson","","Mr John Brook","Ms Andrea Hines","Mr Kevin Douglas",
"Ellesmere Port & Neston DC","13UE","Ms Brenda Harvey","","Mr Tom Miller","Mrs Jane Williamson, Mr C Bailey","Ms Brenda Harvey","","Ms Wendy Carr","","Ms Brenda Harvey",
"Elmbridge DC","43UB","Mr Robert Moran","","Mr Martin Parker, Mr D R Wiltshire","Mr Bruce Bayley, Ms Diane Bailey, Ms J Cook, Ms Jane Bolton, Mrs sarah Selvanathan","Mrs Frances Rutter, Mr Robert Moran","","Ms Frances Pearce","","Mrs Frances Rutter, Ms Natalie Anderson",
"Enfield LB","00AK","Mr Rob Leak","","Mr Stephen Tapper, Mr John Lynch","Mr Roy Gregory, Mr Bindi Nagra, Ms Jennifer Hill, Mr James Rolfe, Mr John Knightley","Mr Bindi Nagra, Ms Kate Robertson, Mr Rob Leak","","Mr Stuart Dennison, Ms Sally Beacon","Mr John Haslem","",
"Epping Forest DC","22UH","Mr P Haywood","","Mr John Preston","Miss C O'Boyle, Mr Michael Shorten","Mr I Willett","","Mr T Carne","","Mr T Carne",
"Epsom & Ewell DC","43UC","Mr D J Smith","Miss Carol Jury","Mr Mark Berry","Mr M Stewart, Mr Bruce Winton","Mr D J Smith","","Mr Mark Lumley","","Mrs Irene Clarke, Mr Midge McCall",
"Erewash DC","17UG","Mr Jeremy Jaroszek","","Mrs Sue Blakeley","","Mr Ian Sankey","","Mr Stuart Lloyd, Mr Ian Sankey","","Ms Claire Pilling",
"Essex CC","22","Ms Joanna Killian","","Mr Paul Bird","Ms Judy Fowler, Mr John Gilbert, Mr D Miesner","Ms Joanna Killian, Mr Richard Waterhouse, Mr Paul Raynes, Mr Martin Palmer","","","","Mrs Georgina Stanton",
"Exeter DC","18UC","Mr Philip Bostock","","Mr John Rigby, Mr Richard Short, Mr John Thompson","Mr Mike Trim, Mr John Rigby, Mr David Prosser, Mr G Birts, Mr T Jackson","Ms Bindu Arjoon, Mr David Hodgson, Mr Bruce Luxton, Ms Lorraine Betts","","Mr Ed Starkie","Mr Philip Oldfield","Ms Bindu Arjoon, Ms G Bennett, Ms Mandy Pearse, Mr Stephen Upsher",
"Fareham DC","24UE","Mr Alan Davies","Ms Patricia Gray","Mr R Jolley, Mr Lee Smith, Ms Linda Jewell, Mr Peter Cooper, Mr Newrick Martin, Ms Kim Hayler","Mrs C Bolton, Mr Robert Dunn, Mr Chris Newman, Mr Graham Lloyd","Mrs L Ansell, Mr P Grimwood, Mr Paul Doran, Mr P Rayner","","Mr P Rayner, Ms Barbara McGrath","","Mrs A Mahoney, Mrs M McKeown",
"Fenland DC","12UD","Mr Tim Pilsbury","","Mr Nigel Brown","Mr Gary Garford, Mr Dan Horn","Mr Tim Pilsbury, Ms Sandra Claxton, Mr Paul Medd, Ms Natalie Culver","","Mr Stephen Beacher","","Mr Tim Pilsbury, Mr D Hamilton",
"Forest Heath DC","42UC","Mr David Burnip","","Mr Richard Watson, Mr Nigel McCurdy","Mr Mark Christie, Mr Nigel McCurdy","Mr David Burnip","","Mr Mark Rodger","","Mrs Sally Rode",
"Forest of Dean DC","23UD","Mr Tim Perrin","Mr Owen James","Mr P Williams","Mr Phillip Woosman","Mr Tim Perrin, Mr Philip Jones, Mr David Durnell","","Mr Matthew Thomas","Mr Owen James","Mr David Durnell",
"Fylde DC","30UF","Mr Phillip Woodward","","Mr A Donnelly, Mr Mark Evans","Mr Simon Kularatne","Mr Phillip Woodward, Mr Allan Oldfield","","Mr Andrew Marriot, Mr Andrew Cain","Mr Paul Walker, Mr Paul Drinnan","Ms Suzie Joyce",
"Gateshead MD","00CH","Mr Roger Kelly","Mr Derek Quinn","Mr David Leeder, Mr C Pearce","Mr Paul Dowling, Mr Derek Quinn, Mr Arthur Bowen","Mr Roger Kelly, Ms Lindsay Kirkley, Mr Peter Thompson, Ms Marisa Jobling, Mr G Hadaway, Ms Lesley Pringle, Mr K Raichure","","Mr Darren Collins, Mr Roy Sheehan","Ms Anne Britton","Mr Robert Schopen",
"Gedling DC","37UE","Mr Peter Murdock","","Mr Peter Baguley","Mrs Sue Sale, Mr Dave Parton","Mrs Janet Brothwell, Mr Stephen Bray","","Mr Gary Bennett, Mr Mark Lane","","Mrs Janet Brothwell, Mr Stephen Bray",
"Gloucester DC","23UE","Mr Julian Wain","Mr Richard Dennery","Mr P Staddon","Mr M Lyon, Mr Nigel Kennedy","Mr Julian Wain, Miss A Wadsley","","","","Mr M Peacock",
"Gloucestershire CC","23","Mr Peter Bungard","","Mr Terry Smith","Mr Bob Potter, Mr Andrew Jarvis, Mr Charles Coates","Mr Dilys Wynn, Mr Barry King, Mr Stephen Wood","","Mr Rodney Semple","Mr Barry King, Mr Stan Jones","Ms Nicola Davies",
"Gosport DC","24UF","Mr Ian Lycett","","","","Mr Ian Lycett","","Mr Ken Lucking","","",
"Gravesham DC","29UG","Mr Glyn Thomson","Mr S Sangha, Mr Kevin Burbidge","Mr Kevin Burbidge","Mr Paul Gibbons","Mr Nick Brown","","Mr Robin Daly","Mrs Sue Lord","Mr Graham Cole, Mr Nick Brown",
"Great Yarmouth DC","33UD","Mr Richard Packham","","Mr Peter Warner","Mrs J Ratcliffe, Mr T Howard, Mr David Frowde","Mr C Rowland, Mr Richard Packham","","Mrs C Metcalf","Mr T Howard","Mrs C Metcalf",
"Greenwich LB","00AL","Ms Mary Ney","","Mr Steve Merryfield","Mr Dick Hogbin","Ms Frances Dolan, Mr Harcourt Alleyne, Ms Mary Ney, Mr John Comber, Mr Dave Nicholson","","Mr John Comber, Mr Ian Henderson","Mr Steve Merryfield","Ms A Vosper, Ms Katrina Delaney",
"Guildford DC","43UD","Mr David Hill","","Ms Elizabeth Mitchell, Ms Carol Humphrey","Mr K Handley, Mr Richard Lingard, Mr John Weedon","","","","","Mr Martyn Brake",
"Hackney LB","00AM","Mr Tim Shields","","Ms Fiona Fletcher-Smith","Mr Derek Victor, Ms Susmita Noonan","Ms Joanne Sumner, Mr Tim Shields","","","Ms Fiona Fletcher-Smith","Ms Joanne Sumner",
"Halton UA","00ET","Mr David Parr","","Mr P Watts","","Mr David Parr, Mr Rob MacKenzie, Mr Robert Ross","","Mr Roy Wainwright, Mr Simon Riley","","Ms Gill Cook",
"Hambleton DC","36UC","Mr Peter Simpson","","Mr Mick Jewitt, Mr Maurice Cann","","Mr Peter Simpson","","Mr Dave Clark, Mr Chris Fawcett","Mr David McGloin","Mr Peter Simpson, Mr Phillip Morton",
"Hammersmith & Fulham LB","00AN","Mr Geoff Alltimes","","Mr Nigel Pallace","","Mr Geoff Alltimes","","","Ms Kim Dero","Ms Louise Raisey",
"Hampshire CC","24","Mr Andrew Smith OBE","","Ms Alison Quant","Mr Mike Fitch","Mr Andrew Smith OBE, Mr Jeff Pattison, Mr Gary Smith","","Mr Andy Holdup","","Mr Keith Kerslake",
"Harborough DC","31UD","Ms Sue Smith","Mr P Rowbotham","Mr Brett Culpin","Mr Karnal Mehta, Mr Peter Clipstone, Ms Janet Doran","Ms Sue Smith","","Mrs Beverley Jolly","","",
"Haringey LB","00AP","Dr Jan O'Donovan","","Ms Niall Bolger","Mr Dinesh Kotecha","Ms Sharon Kemp","","Mr John Richardson, Ms Sarah Barter","","Mr M Brown",
"Harlow DC","22UJ","Mr Malcolm Morley","Mr Richard Dennery","Mr Graeme Bloomer, Ms Dianne Cooper","Mr Nigel Byatt, Mr Kelvin Orrowe","Mr Malcolm Morley, Mr Nick Cave","","Mr Nigel Byatt","Ms Cath Shaw","Ms Nicki Hulford",
"Harrogate DC","36UD","Mr Wallace Sampson","Mr Dave Allenby","Mr Nigel Avison, Mr T Richards","Mr John Sowden, Mr Colin Weston, Mr John Hayton, Ms Karen Maddison","Mr Wallace Sampson, Mr Mike Simpson, Mr Simon Johnson","","Mr Stephen Metcalfe","Ms G Parker","Ms Alsion Griffin, Mr Colin Weston, Mrs Lynne Mee",
"Harrow LB","00AQ","Mr Michael Lockwood","","","Mr Andrew Trehern","Mr Michael Lockwood, Ms Myfanwy Barrett, Ms Carol Cutler, Mr Steve Moxon","","","Ms Claire Codling","Mr Andrew Hadfield",
"Hart DC","24UG","Mr Geoff Bonner","","","","Ms Jane Terry","","Mr Graeme Sindle","","",
"Hartlepool UA","00EB","Mr Paul Walker","","Mr Peter Scott","Mr Graham Frankland","Mr Andrew Atkin, Mr Paul Walker, Mr P Turner","","Mr Andrew Atkin, Ms Joan Chapman","Mrs Diane Martin, Mr Peter Scott, Mr Geoff Thompson","Mr A Rae",
"Hastings DC","21UD","Mr Roy Mawford","","Mr Simon Hubbard","","Mr Roy Mawford","","Mr Mark Bourne","Mr Simon Hubbard","Mr Kevin Boorman",
"Havant DC","24UH","Ms Sandy Hopkins","","Mr Frank Campbell, Mr Bruce Neilson","Mrs Dawn Baxendale, Mr David Bridges","Mr Tim Slater, Ms Sandy Hopkins","","Mr Tim Slater, Ms Sue Parker","Mr Frank Campbell, Mrs Joy Okwuadigbo","Ms Jo Humphreys",
"Havering LB","00AR","Ms Cheryl Coppell","Mr Roger McFarland","Mr Roger McFarland","Mrs Rita Greenwood, Mr Ray Stephenson","Mr Jonathan Owen, Ms Cheryl Coppell, Mr Mike Stringer","","Mr Ray Whitehouse","","Mr Jonathan Owen",
"Herefordshire UA","00GA","Mr Christopher Bull","","Mr Andrew Ashcroft","Mrs S Rees, Mr Malcolm MacAskill","Mr Christopher Bull, Mrs Jane Jones, Mr Tony Geeson","","Mr Geoff Cole","Mrs N Silver","Mr Robert Blower",
"Hertfordshire CC","26","Ms Caroline Tapster","","Mr John Wood","Mr Simon Aries","Ms Caroline Tapster","","Mr Bob Breakey","","Mr John Sellgren",
"Hertsmere DC","26UE","Mr Donald Graham","","Mr R Grove","Ms H Shade","Mr Donald Graham","","","","Ms Catherine Feast",
"High Peak DC","17UH","Mr Simon Baker","","Mr Adrian Fisher, Mr D Larner","","Mr Pat Wilson, Mr Simon Baker","","Mr Bill Purvis","","Ms Michelle Farraday",
"Hillingdon LB","00AS","Mr Hugh Dunnachie","","Ms Jean Palmer, Ms Laura Puttock","Mr C Neale, Mr G Edwards, Mr Pat Holmes","Mr Hugh Dunnachie, Mr Kevin Byrne","","Mr David Owen","Ms Helena Webster","Mr David Holdstock, Ms Katie Williams",
"Hinckley & Bosworth DC","31UE","Mr Steve Atkinson","Mr Simon Jones","Mr Bill Cullen, Ms Tracy Darke","","","","","Mr Richard Palmer","",
"Horsham DC","45UF","Mr Tom Crowley","","Mr Ray Wright, Mr Paul Rowley","Mr Chris Carey, Mr John Loxley","Mr Tom Crowley, Mr Ian Davison, Mrs Jill Scarfield","","Mr Peter Dawes, Mr Graham Crossingham","Mr Chris Carey","Mr Richard Morris, Mrs Jill Scarfield",
"Hounslow LB","00AT","Mr Mark Gilks","","Mr Michael Jordan","Ms Angela Rench, Mr Lee Dawson, Ms Chris Pierre","Mr Sam Curling, Mr Howard Simmons, Mr Mark Gilks, Mr David Palmer","","Mr Simon Hancock","Mr Howard Simmons, Mr Abdu'Rashid Craig","Ms Jini Amarasekara",
"Huntingdonshire DC","12UE","Mr David Monks","","Mr M Sharp, Mr S Ingram","Mr Keith Philips","Mr Peter Watkins, Ms I Leatherbarrow","","Mr Chris Hall","","Mrs Heather Gilling",
"Hyndburn DC","30UG","Mr Dave Welsby","Mr Bill Huntly","Mr Simon Prideaux","Mr Ian Hoole","Mr Rob Grigorjevs, Mr Dave Welsby","","Mr Scott Gardner","","Mr Rob Grigorjevs, Ms Cathy Kierans",
"Ipswich DC","42UD","Mr J D Hehir","","Mr Ruseell Williams, Mr Mike Tee","Mr Mike Tee","Mr J D Hehir, Mr Jon Perigo, Mrs Vicky Moseley","","","Mr Ruseell Williams, Mr Mike Tee","Mr Max Stocker",
"Isle of Wight UA","00MW","Mr Steve Beynon","","Mr Bill Murphy","Mr John Brocklehurst, Mr B Cooke","Mr Steve Beynon","","","","Ms Claire Robertson, Ms Julia Corkey",
"Isles of Scilly","15UH","Mr Philip Hygate","","","","","","","","",
"Islington LB","00AU","Ms Helen Bailey","","","","","","","","",
"Kennet DC","46UB","Mr Mark Boden","","Mr Ted Howles","Mr Mark Smith","Mr Mark Boden","","Mr Frank Marshall","","Mrs D Ralls",
"Kensington & Chelsea LB","00AW","Mr Derek Myers","","","","","","","","",
"Kent CC","29","Mr Peter Gilroy","Mr Bryan Raine, Ms Caroline Lwin","Mr Leigh Herington, Mr Mick Sutch","Mr Mike Austerbury, Mr Elizabeth Walker, Mr Paul Kennedy, Mr Peter Binnie","Mr Peter Gilroy, Mr David Cockburn, Ms Judy Edwards, Ms Tanya Oliver","","Mr David Cockburn, Mr Tim Blackwell, Mr David Cox","Mr Bryan Raine, Ms Caroline Lwin","Ms Jane Clarke",
"Kerrier DC","15UD","Mr B C Manning","","Ms Nicola Stinson","Ms Leann Fulbrook, Mr Mike Harris","Mr B C Manning, Ms Jo Millinship, Mr Steve Gudge","","Mr Adrian Greenwood","Mr Rob Grose","Ms Helen Turner",
"Kettering DC","34UE","Mr David Cook","","Mrs Cath Harvey","Mr Jonathan Eatough","Mr David Cook, Mr Graham Soulsby, MR Guy Holloway","","Mr Nick Hayward","","Mr Ian Strachan",
"Kings Lynn & West Norfolk DC","33UE","Mr Ray Harding","","Mr Geoff Hall","Mr David Thomason","Mr Ray Harding","","","Mr John Norton","",
"Kingston-upon-Hull UA","00FA","Mr Kim Ryley","","","Mr Michael Hudson, Mr Paul Clubley","Mr Kim Ryley, Dr Dawn Roberts, Mr Terrence Daniel","","","Mr Stuart Davy, Mr Mark Jones","Ms Linda Scott",
"Kingston-upon-Thames LB","00AX","Mr Bruce McDonald","","","","","","","","",
"Kirklees MD","00CZ","Mr Rob Vincent","Mr David Wyles","Mr J Barrett","Mr Terry Brown, Ms Joanne Bartholomew, Ms Lynda Auty, Ms Janet Russell, Mr Mark Ayres","Mr Rob Vincent, Mr Dave Harris, Mr Cliff Stewart, Ms K Hayward, Mr Andrew Pennington, Mr Philip Hume","","Ms Laura Rawnsley, Ms K Hayward","","Ms K Hayward, Mr David Bagley",
"Knowsley MD","00BX","Ms Sheena Ramsey","","Ms Helen France, Ms Jill Wilson, Ms Sue Jarvis","Mr Mike Harden, Mr Mike Fagan, Mr Justin Waters","Mr Nick Kavanagh, Ms Sheena Ramsey, Mr Tony Quail, Mr Mike Harden, Mr B Toolan, Mrs Dawn Boyer, Miss Lisa Jones","","Mr A Garden, Ms Paula McNicholas, Miss Lisa Jones","Mr Justin Thompson, Ms Helen France, Ms Tracy Fishwick, Mrs Debbie Loughlin, Ms Sue Jarvis","Mr Nick Kavanagh",
"Lambeth LB","00AY","Mr Derrick Anderson","","","Mr Mike Suarez, Mr Chris Lee, Mr U Nwanze, Mr Martyn Walker","Mr Derrick Anderson, Ms Sophia Looney, Mr Eric Bohl","Mr Chris Lee","Mr Ed Pereira Garcez","Mr Chris Lee","Mr Julian Ellerby, Ms I McNeill",
"Lancashire CC","30","Mr Ged Fitzgerald","","Mr Graham Harding","Mr Michael Parkinson, Mr Stephen Costello, Mr Martin Haworth, Mr Jim Edney","Mr Ged Fitzgerald, Ms Deborah Haydock","","Ms Linda Whalley, Mrs D Bonser","Mr Steve Dean","Ms A Ross, Mr Jim Edney, Mr Tony Openshaw",
"Lancaster DC","30UH","Mr Mark Cullinan","Mr Peter Sandford","Mr A Dobson","Mr G Cox","Mr Mark Cullinan, Mr R Muckle, Mr Richard Tulej","","Mr Richard Tulej","Mr Peter Sandford","Ms G Haigh, Mr Richard Tulej",
"Leeds MD","00DA","Mr Paul Rogerson","Ms Cath Follin","Mr I Andrews, Mr Phil Crabtree","Mr Paul Brook, Mr J Kearsley, Mr A Gay, Mr Mike Davenport, Mr George Turnbull","Mr James Rogers, Mr Paul Rogerson, Mr D Page, Mr Arfan Hanif, Mr Steve Clough","","Ms M Brooks, Mr John Smith, Ms Tracy Hopkinson","Mr Paul Stephens, Mr Stephen Boyle, Mrs Jean Dent","Ms Helen Edwards, Mr John Donegan",
"Leicester UA","00FN","Ms Sheila Lock","Mr David Best","Mr Andy Smith","Mr Chris Moore, Mr A Carter, Mr Mick Bowers, Ms Lynn Cave","Ms Sheila Lock, Mr Austin Roberts, Mr Keith Murdoch, Ms Lee Harrison","","Ms Jill Craig","Mr Andy Keeling","Mr Mark Bentley",
"Leicestershire CC","31","Mr J B Sinnott","","Mr Matthew Lugg","","Mr J B Sinnott, Ms Rachel Stone, Mr Barry Davies","","Mr A C Roberts","Mr A Tuppen","Mrs G Wells",
"Lewes DC","21UF","Mr John Crawford","","Mr Lindsay Frost","","Mr John Crawford","","Mr John Clark","","Ms Liz Lacon",
"Lewisham LB","00AZ","Mr Barry Quirk","MS Liz Bannister","","Ms F Campbell, Mr K Platt","Mr Barry Quirk, Ms Janet Senior, Ms Rachel Turner","","Mr Simon Berlin","Mr Malcolm Smith","",
"Lichfield DC","41UD","Ms Nina Dawes OBE","","","Mr Richard King","Ms Nina Dawes OBE","","Mr Kevin Sleeman","","Ms Elizabeth Thatcher",
"Lincoln DC","32UD","Mr Andrew Taylor","","","","","","","","",
"Lincolnshire CC","32","Mr Tony McArdle","","Mr Richard Belfield, Mr Richard Wills","Mr David Forbes, Mr Bob Pearce, Mr Pete Moore","Mr Marcus Coleman, Mr David O'Connor, Mr Tony McArdle, Ms Catherine Aitchison, Mr Peter Hale","","Ms Judith Davids","Mr Ivon Annabil, Ms Jenny Gamon, Mr Richard Wills, Mr Jonathan Platt","Ms Janet Marshall, Mr John Giblin",
"Liverpool MD","00BY","Mr Colin Hilton","","Mr Mike Burchnall","Mr Robert Lyall","Mr Colin Hilton, Mr Jim Arnold","","Mr Graham Handley","Mr Ben Dolan, Mr John Kelly","",
"Luton UA","00KA","Mr Kevin Crompton","Mr C Chick","Mr C Chick, Mr Ian Slater","Mr A Piper","Mr Kevin Crompton, Mr G Bocutt, Mr D Gowing","","Mr I Brown, Mrs Lucy Cross","Ms L Church","Mr James Odling-Smee",
"Macclesfield DC","13UG","Ms Vivienne Horton","Miss D Smith","Mr J Knight","Miss Lisa Quinn, Mr R Bacon","Ms Vivienne Horton, Miss C Haydon","","Mr David Naylor","","Mr Tony Barker",
"Maidstone DC","29UH","Mr David Petford","Mr Trevor Gasson, Mr Bill Moss","Mr Brian Morgan, Mr Trevor Gasson","Mr C Finch, Mr Stephen Trigg, Mr David Tibbit, Mr Bill Axell","Mr David Petford, Mr David Edwards","","Mr Paul Taylor","","Mr David Petford, Mr Roger Adley",
"Maldon DC","22UK","Mr Steve Watson","","Mr Alan Storah","Mr Ben Brown, Mr Richard Holmes","Mr Steve Watson","","","","Mr Russell Dawes",
"Malvern Hills DC","47UC","Mr Chris Bocock","","Mr Gary Williams","Mr Peter Gillett, Ms Sandra Hudson","Mr Chris Bocock, Mr John Williams","","","Mr Lee Robson","",
"Manchester MD","00BN","Sir Howard Bernstein","","Mr Peter Babb","Ms Helen Jones","Mr Geoff Little, Sir Howard Bernstein, Mr Steve Mycio, Mr Forid Meah","","Ms Jacky Doyle","Mr Wayne Shand","",
"Mansfield DC","37UF","Mrs Ruth Marlow","Mr Mike Farley","Mr S Normington","Mr Ajman Ali, Mr Phillip Colledge","Mr Mark Pemberton, Mr Chris Bonar, Mrs Ruth Marlow, Ms H Barsby","","Mrs C A Marsh","Mr Phillip Colledge, Mr Simon Carter","Ms Yvonne Wilkinson, Mr Robert Shirley",
"Medway Towns UA","00LC","Mr Neil Davies","","Mr Stephen Gaimster, Mr Robin Cooper","Mr Nick Anthony","Mrs Stephanie Goad, Mr Neil Davies, Ms Sally Morris","","Mr Andrew Wright","Mr Stephen Gaimster, Mrs Stephanie Goad, Ms Kathy Wadsworth, Mr Brian Weddell, Mr Matt Peacock","Mrs Stephanie Goad, Ms Colette Glasson",
"Melton DC","31UG","Ms Lynn Aisbett","","","Mrs C Marshall, Mr Paul Evans, Mr Ronan Browne","Mr C Wilkinson, Ms Lynn Aisbett, Mr Keith Aubrey","","Ms Lynn Aisbett","Mr Harry Rai","Mrs A Tebbutt",
"Mendip DC","40UB","Mr D Thomson","Mr William Williams","Mr C Uzzell, Ms Janet Wilson","Mr D Thomson","Mr D Thomson, Ms Sarah Guscott","Ms Jennie Wheeler","Mr Stuart Brown, Mr Peter McKenzie","Mr Chris Arscott","Mr Christian Lockyer, Mrs R Witcombe",
"Merton LB","00BA","Mr Ged Curran","Mr Michael Owens","Ms Lyn Carpenter","Ms Lyn Carpenter","Mr Ged Curran, Mrs Hilary Di Salvo","","","Mrs Sue Tanton, Mr Michael Owens","Ms Sophie Poole",
"Mid Bedfordshire DC","09UC","Mrs Jaki Salisbury","","","Mr Lee Jones, Mr James Hall","Mrs Jaki Salisbury, Mr Simon Redmore","","Mr David Nice","","Mr Mark Hustwitt",
"Mid Devon DC","18UD","Mr G Hirsch","Mr Steve Densham","Mr J Guscott","Mr Andrew Busby","Mr G Hirsch","","Mr N Quinn","Mr J Guscott","Mr Andrew Lacey",
"Mid Suffolk DC","42UE","Mr Andrew Good","Mr Bryan Nicholls","Mr Bryan Nicholls, Mr Peter Burrows, Mr Nick Gowrley","Ms Caroline Barrett","Mr Jonathan Free, Mr Ian Rickard","Mr John Law","Mr I Norris","","Ms Rosalind Hands, Mr Jonathan Free",
"Mid Sussex DC","45UG","Mr John Jory","","Mr Nick Rogers","Mr C Northcott, Ms Maria Humphrey","Mr John Jory, Mr Richard Hodson, Mrs Marissa Bartlett","","Mr Peter Stuart","","Mr Martin Faulconbridge",
"Middlesbrough UA","00EC","Ms Jan Richmond","Mr Tom Punton, Ms Karen Shields","Mr Ian Parker, Mr Ed Chicken, Mr Kevin Parkes","Mr Andy I'Anson, Mr Peter Metcalfe","Ms Jan Richmond, Ms Helen Ellis, Mr Paul Slocombe, Ms Karen Robinson","","Ms Helen Ellis","Ms Sandra Cartlidge, Mr Kevin Parkes","Ms Debbie Robinson",
"Milton Keynes UA","00MG","Mr John Best","","Mr David Hackforth","Mr John Tweed","Mr Geoff Snelson, Mr M Small","","Mr P Wheeler, Mr Steven Jewell","Mr Tony Lamming","Mr Geoff Snelson, Mr Craig Barton",
"Mole Valley DC","43UE","Mr Darren Mepham","Mr Simon Matthews, Ms Lucy Hanson","Mr Clive Smith","Mr Frank Taylor, Mr J Burgess, Mr Nick Gray","Mr Darren Mepham","","Mr Bob Thomas","Mr Simon Matthews","Mrs Angela Griffiths",
"New Forest DC","24UJ","Mr David Yates","Mr Neil Miller","Mr Chris Elliott, Mr John Ward","Mr Keith Kensley","Mr Keith Smith","","Mr Ken Connolly","Mr Neil Miller","Mr David Atwill",
"Newark & Sherwood DC","37UG","Mr Andrew Muter","","Mr Mike Evans, Mr Keith Stedman","Mr Mike Robinson","Mr Andrew Muter","","","Mr Mike Robinson","Mr Matthew Finch",
"Newcastle upon Tyne MD","00CJ","Mr Ian Stratford","","Mr J F Miller","Mr Bill Trattles, Mr Steve Boon","Mr Jeff Quicke, Mr G Kelly, Ms Ann Atkinson, Ms J Hedges, Mr Chris Stephen, Ms P Walker","","Mr Terry Golding","Ms Marie Fallon","Mr Peter Holt",
"Newcastle-under-Lyme DC","41UE","Mr Mark Barrow","Mr Neale Clifton","Mr Neale Clifton, Mr Guy Benson","Mr Jeff Hamnett","Mr Mark Barrow, Ms Ceri Pilawski, Mr Neale Clifton","","Mr Dave Roberts","Mr Neale Clifton","Mr Phil Jones",
"Newham LB","00BB","Mr Chris Wood","","Ms Seema Manchanda","","Mr Chris Hannan, Mr Martin Lewis, Mr Chris Wood","","Mr Richard Steel","","Mr Ian Tomkins",
"Norfolk CC","33","Mr David White","","Mr Mike Jackson, Ms Amanda Gray, Mr Paul Crick","Mr Peter Weavers, Mr Paul Adams, Mr Mike Britch, Mr Mike Brookes","Mr Paul Carter, Mrs Debbie Bartlett","","Mr Tim Anderson","","Ms Mari Martin, Mrs Joanna Hannam, Ms Anna Allison",
"North Cornwall DC","15UE","Mr Mark Hall","Mr Bruce Tyzzer","Mr Neil Pendleton, Mr Malcolm Price","Mr Martyn Flew, Mr Bruce Tyzzer","Mr Paul Masters, Mr Bruce Tyzzer","","Mr David Witts","Mr Bruce Tyzzer","Mrs A Moore",
"North Devon DC","18UE","Mr John Sunderland","","Mr Malcolm Easton","Mrs Diana Hill","Mrs Anne Cowley, Mr John Sunderland, Mr Mike Mansell","","Mrs Anne Cowley","Mr Jerry Lee","Mrs C Holm",
"North Dorset DC","19UE","Mrs Liz Goodall","","Mr N Fagan","Mr S Hill","Mrs Liz Goodall, Ms J Rees","","","Mrs J Guest","Mrs Liz Goodall",
"North East Derbyshire DC","17UJ","Mrs Lee Adams","Ms Allison Westray-Chapman","Mr Phillip Spurr","Mr Gary Goodrich","Mr Paul Hackett, Mrs Lee Adams, Ms Ruth Price","","","Ms Allison Westray-Chapman","Mrs Hilary Jones",
"North East Lincolnshire UA","00FC","Mr Tony Hunter","Ms Michele Cusack","Mr Ray Oxby, Mr Rod Jones","Ms Brenda Wilson","Mr C Bulger, Mr Tony Hunter, Ms Elizabeth Jones, Mr D Cook, Mr S Riley, Ms B Compton, Mr D Shaw","","Ms Olwyn Batchelor, Mr D Shaw","Mrs S Wells, Ms Michele Cusack","",
"North Hertfordshire DC","26UF","Mr John Campbell","","Mr David Scholes","","Mr John Campbell, Ms Liz Green","","Mr John Robinson","","Mrs Lynn Saville, Mr Roger Harrison",
"North Kesteven DC","32UE","Mr Ian Fytche","Ms Karen Bradford","Mrs Jane Wells","","Mr Ian Fytche, Mr Tony Pearson","","Ms Michelle Carrington","Mrs Jane Wells","Mrs Julie Wetton",
"North Lincolnshire UA","00FD","Mr Simon Driver","","","Mr Peter Williams, Ms Sharon Seddon","Mr Simon Driver, Mr Richard Stiff, Mr Neil Laminman, Mr Tony Kelham","Mr Marcus Walker, Ms Jenny Gavin-Allen, Ms Leslie Pott","Mr Michael Jackson","","Mr Neil Laminman, Mr Barry Fleetwood, Mr Adrian Capon",
"North Norfolk DC","33UF","Mr Philip Burton","","Mr Steve Oxenham, Ms Jill Fisher, Mr Nick Baker","Mr Peter Frew, Mr David Feltham","Mr Philip Burton","","Mrs Sheila Oxtoby","Ms Maureen Clarke","Mr Peter Battrick, Mr Steve Goddard",
"North Shropshire DC","39UC","Ms Nicole Yates","","Mrs Joanne Lancaster","","Ms Nicole Yates, Mrs C B Ebben","","Mrs A Manning, Mr P Slack","","",
"North Somerset UA","00HC","Mr Graham Turner","","Mr David Lawrence, Mr R Kent, Mr David Turner","Mr Phil Hall, Mr Paul Morris","Mr Paul Morris, Mr James Foster","","Mr Neil Dewar","","Ms Vanessa Setterington",
"North Tyneside MD","00CK","Mr Andrew Kerr","Mr John Fleet","","Mr Jeff Green, Mr John Rutherford","Mr Jeff Glasgow, Mr Rob Worrall","","Mr Phil Jackson","","",
"North Warwickshire DC","44UB","Mr J Hutchinson","","Ms Dorothy Barrett","Mr Chris Brewer, Mr C M Jones","Mr Steven Maxey, Mr Paul Steele","","Ms L Bird, Mr Paul Steele","","Ms Karen Barrow",
"North West Leicestershire DC","31UH","Ms Christine Fisher","","Mr I Nelson","Mr Kevin Fairbrother","Ms Christine Fisher, Mr A Davies, Ms Sue Hallam","","Ms Christine Fisher","","Mrs Lynn Gill",
"North Wiltshire DC","46UC","Mr Delwyn Burbidge","","Mrs Sally Canter","Mr Stuart McGregor, Ms Barry Reed","Mr Delwyn Burbidge","","Mr David Lovelock","Mrs L Bell","Mr Paul Lancaster",
"North Yorkshire CC","36","Mr John Marsden","","Mr Paul Whitaker","Mrs Judith Harrison, Mr Clive West, Mrs Judy Johnson","Mr Richard Flinton, Mr John Marsden, Mr Neil Irving, Mr Hugh Williamson","","Mr Nick Leggott","","Mr Ben Hayes, Mr Andrew Darling",
"Northampton DC","34UF","Mr David Kennedy","Mr Thomas Hall, Mr Geoff Owen","Ms Christine Stevenson, Mr P Lewin, Mr D Simpson","Mr G Chambers, Mr Carl Grimmer, Ms I Proctor","Ms I Proctor, Mr D Hemingway","","Mr Dale Phillipson","Mr C Cavanagh","Ms Sian Williams",
"Northamptonshire CC","34","Ms Katherine Kerswell","Mr Danny Brennan","","Mr Mark Bassett","Ms Katherine Kerswell, Mr Paul Blantern, Ms A Parry, Mr J Steele, Mr Marcus Lingley","","Mr Stephen McCarthy","Mr Danny Brennan","Mr Paul Rushton",
"Northumberland CC","35","Ms Gill Dixon","","","Mrs Gill Matthews","Ms Gill Dixon, Ms Jill Dixon, Mr S Lawson","","Mr Peter Gallon, Ms Jill Dixon","Mr Alan Wann","Ms Sharon McKee",
"Norwich DC","33UG","Ms Laura McGillivray","","Mr Jerry Massey","Mr Bridget Buttinger, Mr E Pellican, Mr Chris Dady","Ms Laura McGillivray, Mr Paul Spencer, Ms Jane Allen","","Ms Jane Allen","Mr Jerry Massey","Ms Nikki Rotsos",
"Nottingham UA","00FY","Ms Jane Todd","Mrs J Dykes","Mr Derek Martin, Mr Barry Horne","Ms Carole Mills-Evans, Mr John Robinson","Ms Jane Todd","","","Mr Barry Horne","Mr Stephen Barker",
"Nottinghamshire CC","37","Mr Michael Burrows","Mr Richard Hodge","","Mr Richard Hanson","Mr Michael Burrows, Mr Chris Holmes, Mr Peter Elderton, Mr Derek Histon","","Ms Joanna Herlihy","Mr Steven Calvert, Mr Rob Skelton","Ms Liz Lesquereux",
"Nuneaton & Bedworth DC","44UC","Ms C Kerr","","Mr Ian Powell, Mr N Blamire- Brown","Mr Brent Davis","Ms C Kerr, Mr Nick Blamire-Brown","","Mr George Szymczak","Mr Nick Blamire-Brown","Ms Rachel Walker, Mr Nick Blamire-Brown",
"Oadby & Wigston DC","31UJ","Mr Mark Hall","","Mr Rob Harbour","","Mr Mark Hall","","Mr G Crisp","","Mrs Gurpreet Santini",
"Oldham MD","00BP","Mr A Kilburn","Mr Tom Flanagan, Mr Mark Lester","Mr John Hurst","Mr D Mycock","Mrs Michelle Carr, Ms Margo Kane, Mr A Kilburn, Ms Liz Terry, Mr Ian Hughes, Mr Alan Lee","","","Mr Philip Jobling, Mr Paul White, Mrs Michelle Carr, Mr Tom Flanagan, Mr John Mitchell","Ms Naomi Duggan, Mr C Andrews",
"Oswestry DC","39UD","Mr Paul Shevlin","Ms Helen Minnice","","","Ms Sue Bywater, Mr Kevin Hull","","Mr Paul Shevlin, Mr Dale Shepherd","","",
"Oxford DC","38UC","Mr Peter Sloman","","Mr Michael Crofton-Briggs, Mr J Blair","Mr Mel Barrett, Ms Sarah Fogden, Ms Jane Lubbock","Mr Peter Sloman, Mr Ben Brownlee, Mr M Newman","Mr Mel Barrett","Mr Ben Brownlee","Mr Mel Barrett","Mrs Louisa Dean, Ms Shey Cobley",
"Oxfordshire CC","38","Ms Joanna Simons","","Mr Steve Howell, Mr Chris Cousins","Mr Neil Monaghan","Mr Stephen Capaldi, Ms Susan Roberts, Mr Tom Von Kaenel","","Mr Mark Winstanley","","Ms Nicola Kirkwood",
"Pendle DC","30UJ","Mr Stephen Barnes","Mr Trevor Mitton, Mr B Cookson","Mr Trevor Mitton, Mr N Watson","Mrs Sharon Livesey","Mr B Astin, Mr George Dodds","","Mr Mike Robinson","Ms Dorothy Morris, Mr B Cookson","Mr B Astin",
"Penwith DC","15UF","Mr Jim McKenna","","Mr Andrew England","Mr Matthew Barton","Mr Jim McKenna, Mr Bennett Stevens","","Mr Andrew Mann","","",
"Peterborough UA","00JA","Mrs Gillian Beasley","Ms Annette Joyce","Mr Paul Rossington","Mr John Harrison, Ms Tracey Bainbridge, Mr Richard Hodgson","Mr Malcolm Burch, Mr Paul Sproat, Mr David Sturgess, Mr Graeme Law","","Mr Nigel Green","Mr Adrian Chapman, Mr Graeme Law","Ms Caroline Parsons",
"Plymouth UA","00HG","Mr Barry Keel","Mr N Pitt","Mr Paul Barnard","Mr John Orr, Mr N Seneviratne, Mr Gareth Simmons","Ms C Burgoyne, Mr John Cremins","","Mr N Cannon","Mr N Pitt","Mr Dave Roberts",
"Poole UA","00HP","Mr John McBride","","","","","","","","",
"Portsmouth UA","00MR","Mr David Williams","","","Mr Stephen Checkley, Mr Jeff Hutchins, Mr Roger Ching","Mr Jon Bell, Ms Kathy Wadsworth","","","","Ms Allison Stratford, Ms Drusilla Moody",
"Preston DC","30UK","Mr J E Carr","Mr Peter Bargh","Mr C Hayward","Mrs L Morrison, Mr John Bradley, Mr David Tomlinson","Ms A Nicholas","","Mr B P Hayes","Mr K Launchbury","Ms A Nicholas, Mr Steven Parkinson",
"Purbeck DC","19UG","Mr Steve Mackenzie","","Mr Alan Davies","","Mr Steve Mackenzie","","Mr S Mackenzie","","Mr Steve Mackenzie, Ms Claire Lodge",
"Reading UA","00MC","Mr Michael Coughlin","","Ms Pat Baxter","Mr Brian O'Mara","Mr Michael Coughlin, Mr Roger Penfold, Ms Zoe Hanim, Ms Pat Baxter, Ms Zoe Hanim","","Ms Zoe Hanim, Mr John Barnfield","","Ms Sally Swift",
"Redbridge LB","00BC","Mr Roger Hampson","","Mr Marc Dorfman","Mr Geoff Pearce","Mr Roger Hampson, Mr Steve Johnson","","","","Mr Eddie Gibb",
"Redcar & Cleveland UA","00EE","Ms Amanda Skelton","","","Ms Caroline Blackburn","Mr Ray Richardson","","Mr Ray Richardson, Mr Paul Friday","Mr Ian Wardle","Mrs C Ferguson, Ms Carol McIntosh, Mr Paul Daniel",
"Redditch DC","47UD","Mr Chris Smith","Mr Chris Smith","Mr Chris Smith, Ms Sue Hanley","Ms Jacqueline Smith","","","","","Ms Elaine Storer",
"Reigate & Banstead DC","43UF","Mr Nigel Clifford","Mr Nigel Clifford","Mr Nigel Clifford","Mr G Cook, Mr T Edmonds","Miss Margaret Quine","","Ms Sara Taylor","","Mrs Fionnula Russell",
"Restormel DC","15UG","Mr Andrew Tremaine","","Mr P Mason, Mr Tony Lee","Mr Geoff Hurst","Mr Malcolm Pinch, Mr Andrew Tremaine, Mrs J Martin","","Mr Andrew Tremaine","Mr P Mason, Mr Phil Randall","Mrs J Martin",
"Ribble Valley DC","30UL","Mr David Morris","Mr Simon Hartley","Mr Stewart Bailey, Mr Colin Hurst, Mr Colin Sharpe","","Mr David Morris, Mr Jeff Fenton, Mr Bill Alker","","Ms Marion Leeming, Mr Peter Hothersall","","",
"Richmond upon Thames LB","00BD","Mrs G Norton","","Mr Trevor Pugh","Mr David Neaves, Mr Peter Southcombe","Mrs G Norton, Mr Wyn Williams, Ms Tracy Luck, Ms Jeanette Philips","","Mr M Gravatt","","Mr Cormac Smith",
"Richmondshire DC","36UE","Mr Peter Simpson","","Mr Peter Featherstone","Mr Colin Dales","Mr Callum McKeon, Mr David Elliott","","Mr Simon Fletcher","","Mr Peter Simpson",
"Rochdale MD","00BQ","Mr Roger Ellis","Ms Debbie O'Brien","Mr Peter Cunningham","Mr John Patterson, Mr Donald Forrester","Mr Roger Ellis, Ms Margaret Carney, Mr M Jones","","Mr A Zuntz, Mr Paul Young, Mr Simon Bailey","Mr A Zuntz, Ms Gill Durie","Mr Mark Roberts",
"Rochford DC","22UL","Mr Paul Warren","Mr Albert Bugeja, Mr Shaun Scrutton","Mr Albert Bugeja, Mr Shaun Scrutton, Mr John Whitlock","Mr David Timson, Mr Bob Yellop","Ms Yvonne Woodward, Mr Shaun Scrutton","","","","Mr Shaun Scrutton, Ms Tamara Burton",
"Rossendale DC","30UM","Ms Carolyn Wilkins","","Ms Linda Fisher, Mr Stephen Jackson","Mr George Graham","Ms Carolyn Wilkins, Ms Lesley Noble","","Mr George Graham, Ms Andrew Buckle, Mr Usman Hamid","Mr Stephen Jackson","",
"Rother DC","21UG","Mr D M Stevens","","Mr Frank Rallings","Mr D M Stevens","Mr D M Stevens, Miss B Mason","","Mrs C Smith","Mr G Burgess","",
"Rotherham MD","00CF","Mr Michael Cuff","","Mr Karl Battersby","Mrs Kim Phillips, Mr Ian Smith, Mr Keith Thompson, Mr Karl Battersby","Mr Matthew Gladstone, Ms Julie Slatter, Mrs Cath Saltiss","","Mr Richard Copley","Mr Karl Battersby","Mrs Tracy Holmes, Mrs Deborah Fellowes, Ms Alison Hall",
"Rugby DC","44UD","Mr Simon Warren","","Mr Nick Freer, Ms Anna Rose","Ms Carol Bradford, Mr Adam Norburn","Mr Simon Warren, Mrs Wendy Parry, Mr Paul Ansell","","Ms Julie Price","Mrs Karen Stone, Mr Balbir Bassi","",
"Runnymede DC","43UG","Mr T N Williams","Mr P Sims","Mr P Jenkins","Mr J Christou","Mr T N Williams","","Mr Nigel Watson","","",
"Rushcliffe DC","37UJ","Mr Alan Graham","","Ms Suan Harley","","Ms Sue Griffiths, Mr C Bullett, Mr J Saxby, Mr Dave Mitchell","","Mr C Bullett","","Ms Nicky Mee",
"Rushmoor DC","24UL","Mr Andrew Lloyd","","Mr Keith Holland","Mrs Sheila Macfarlane","Mr Jon Rundle, Mrs Karen Edwards","","","","Mr Jon Rundle, Mrs Karen Edwards",
"Rutland UA","00FP","Mrs Helen Briggs","","Mr P G Trow, Mr D Baker","Mr M Baish, Ms C Sanderson, Mr Barinder Rakhra","Mrs Helen Briggs","","","Mr K Butcher","Ms C Jones, Mr K Butcher",
"Ryedale DC","36UF","Miss Janet Waggott","","","Mr David Summers","Miss Janet Waggott, Ms Marie-Ann Jackson, Mr Phil Hancock","","Mr Mick Phythian","Mr Julian Rudd","",
"Salford MD","00BR","Ms Barbara Spicer","","Mr Richard Wynne, Mr Chris Findley, Mr Malcolm Sykes","Mr Nigel Sedman, Mr Mike Hall, Mr Stephen Bradbury","Mr Kevin Brady, Mr Wayne Priestley, Ms Barbara Spicer","","Mr Dave McIlroy, Mr Martin Vickers","","Mr Wayne Priestley, Ms Susan Wildman",
"Salisbury DC","46UD","Mr Marjeet Gill","Mr Eric Teagle","Mr S Thorne","","Mr Marjeet Gill","","","","Ms Carolyn Johannesen, Mr Tim Revell",
"Sandwell MD","00CS","Ms Allison Fraser","","Mr Rob Lee","Mr Martin Garrington, Mr Peter Manley","Ms Joy Massey, Mr K Blackwell, Ms Louise Barnett","","Mr Andy Nicholls","Mr Steve Gregory, Mr John Sutton","Mr Steve Harrison, Ms Louise Barnett",
"Scarborough DC","36UG","Mr J Dillon","","Mr Nick Read, Mr Chris Hall, Ms Pauline Elliott","Mr Mike Close, Mr N Edwards","Mrs Gill Wilkinson, Ms N Willis, Mr Alan Layton","","Mrs Janet Deacon, Mr Alan Layton, Mr Paul Hill","Mr David Kelly, Ms Pauline Elliott, Mr Alex Richards","Miss Gabrielle Jandzio, Ms N Willis",
"Sedgefield DC","20UG","Mr B Allen","","Mr C Walton","Mr R A Scougall","","","Ms S Walsh","","Mr B Allen, Mr Graham Robinson",
"Sedgemoor DC","40UC","Mr Kerry Rickards","Ms Ann-Marie Spalding, Mrs Anne-Marie Spalding","Mr Steve Atkinson","Mrs Allison Parsons, Mr T Mander","Mr Kerry Rickards","","Mr Paul Davidson","Mr Doug Bamsey, Mrs Nicola Slawski","Mr Kerry Rickards, Mrs A Hussey, Ms Claire Faun",
"Sefton MD","00CA","Mr Graham Haywood","","Mr Andy Wallis","Mr Mark Richardson, Mr Kevin Shutter","Mr Steve Sheridan, Ms Terri Flemming","","Ms Linda Price","Mr Alan Moore","Mr Craig Galloway",
"Selby DC","36UH","Mr M Connor","","Mr Paul Edwards","Ms Annaliese Crosby","Mrs H Watts, Mr T Heselton","","Mr R A Mackin, Mr Gary Molnar","Mrs E Scothern","Mr M Connor",
"Sevenoaks DC","29UK","Mr Robin Hales","","","Mr Jim Carrington-West, Mrs Christine Nuttall, Mr Jim Latheron","Mr Robin Hales, Mr Karl Sewell","","Dr Pav Ramewal","","Mr Daniel Whitmarsh",
"Sheffield MD","00CG","Mr J Mothersole","Dr Kevin Foster","Mr Mick Crofts, Mr D Curtis","Mr Ian Taylor, Mr Gary Moore, Mr Mohammed Mahroof","Mr R Barrowclough, Mr Joe Fowler, Mr John Randall, Ms Sue Millington, Ms E Gibbon","","","Ms E Milne, Mr L Sturch","Mr Simon Hope",
"Shepway DC","29UL","Mr Alistair Stewart","","Mr Keith Cane, Mr Chris Lewis","Mr Jeremy Chambers, Mr Steve Holley, Mr Ed Elcock","Mrs Wendy Head, Mrs Ann Hunter","","","Mr David Shore","Mrs Ann Hunter",
"Shrewsbury & Atcham DC","39UE","Mr Geraint Morgan","Mr Geraint Morgan","Mr Ian Kilby","Mr Glynn Roberts, Mr Geoff Trantham","Mr Andy Goldsmith, Mr Gareth Owens, Mr Geraint Morgan","","Mr Geraint Morgan, Mr Andrew Bennett","Mr David Griffiths","Mr Geraint Morgan",
"Shropshire CC","39","Ms Carolyn Downs","","Mr N Taylor","Ms Laura Rowley, Mr A Stirling, Ms N Porter","Ms Carolyn Downs, Ms J Turton","","Mr K Malone","Mr N Taylor, Ms Penny Spencer","Mr John Hargreaves",
"Slough UA","00MD","Ms Ruth Bagley","","Mr Gerry Wyld, Mrs Denise Alder","Mr Annal Nayyar, Mr Mike Jennings, Mr Andrew Blake-Herbert","Mr Gerry Wyld","","","","Mr Trevor Lambert",
"Solihull MD","00CT","Mr Mark Rogers","","","Mr T Richardson","Mr I Ash, Mr P Moss","","","Mr D Hingley, Mr Paul Watson","Mrs J Collison",
"Somerset CC","40","Mr Alan Jones","","Ms Sonia Davidson-Grant, Mr Patrick Flaherty","Ms Sonia Davidson-Grant, Mr R Kirshaw, Mr P Saleh, Mr M Jones, Ms K Nacey","Mr Alan Jones, Mr Adrian Gladstone-Smith, Mr David Taylor, Mrs Jan Stafford, Ms Fiona Catcher, Mr Mike O'Dowd-Jones","","Mr R Kirshaw","Mr T Gillharn","Ms Jan Hookings",
"South Bedfordshire DC","09UE","Mr Jon Ruddick","Mr A Lewis","Mr Alan Storah, Ms Anne Brereton, Ms R Yee","Ms R Yee","Mr Jon Ruddick, Mr John Dean, Ms Elaine Malarky, Mr A Kang","","Mr Steve Garrett, Mr Rob Wood","Mr Alan Storah","Ms Elaine Malarky",
"South Bucks DC","11UE","Mr Chris Furness","","","Mr Jim Burness","Mr Chris Furness, Ms Racheal Winfield","","","","Mr Chris Furness, Ms Racheal Winfield",
"South Cambridgeshire DC","12UG","Mr Greg Harlock","","Mr David Hussell","Mr John Garnham, Mr David Stratford","Mr Greg Harlock, Mr Paul Swift","","","","Ms Helen Simpson",
"South Derbyshire DC","17UK","Mr Frank McArdle","","Ms Gill Hague","Ms Jan Middleton, Mr Kevin Stackhouse","Mr Frank McArdle, Mr Nigel Glossop","","Mrs Jayne Jones, Mr Nigel Glossop","","Mr Frank McArdle, Ms Carole Chapman",
"South Gloucestershire UA","00HD","Mrs Amanda Deeks","","Mr Peter Jackson, Ms Barbara Maksymiw","Mr Ian Webster, Ms Jane Faire, Mr Andy Brown","Mr Tim Peters","","Mr Tim Peters","","Ms Valerie McFarlane, Ms Emma George",
"South Hams DC","18UG","Mr D J Incoll","","Mr Stephen Munday, Mr Alan Robinson","Mr James Stubbs, Mr P Abrey","Mr Roger Nicholson","Mr Liam Reading","Ms Delyth Jenkins Evans","Mr Lee Bray, Mr Alan Robinson","Mrs Polly Birchall, Ms Jenny Bishop",
"South Holland DC","32UF","Mr T Huggins","","Mr A Petcher, Mr S Williams, Mr Gary Alexander","Ms K Warren, Mr P Perry","Mr D Fannin, Mr T Huggins, Mr S Larner, Mr John Pares, Mr Steven Revell","","Mr Steven Revell","Ms S Bolter","Mr T Huggins",
"South Kesteven DC","32UG","Mr Duncan Kerr","Mr Neil Cuttell","Ms Teena Twelves, Mr Mark Harrison","Mr Paul Stokes","Mr Andy Nix, Mr Robert Moreland, Ms Sharon Yates","Mr Ken Hopkins","","Ms Teena Twelves","Ms Ellen Breuer",
"South Lakeland DC","16UG","Mr P Ridgway","","","","Mr P Ridgway","","Mr John Dyer","","Mr P Ridgway",
"South Norfolk DC","33UH","Mr G Rivers","","","Mr Andy Radford, Mr Neil Dyball","Mr G Rivers, Mr Ian McArthur","","Mr Andy Radford","","Mr David Peel",
"South Northamptonshire DC","34UG","Mrs Jean Morgan","","Mr R Fox","Mr D Wigley","Mr Calvin Bell, Ms Caroline Neale","","Mr Kevin Lane","","Ms Caroline Neale",
"South Oxfordshire DC","38UD","Mr David Buckle","Mrs G Oliver","Mr Adrian Duffield, Ms S Spencer, Mrs G Oliver, Ms Anna Robinson","Mr Trevor Hill","Ms Sue Reid, Mr Geoff Bushell, Mr David Buckle, Ms Shona Parsons, Ms Sally Truman","","Mr Andrew Down","Mr Chris Tyson, Mrs G Oliver, Mr Matt Prosser","Ms Shona Parsons",
"South Ribble DC","30UN","Ms Jean Hunter","","Mr John Dalton","Mr Ian Thomas, Mr M Nuttall, Mr Martin Fahy","Ms Jean Hunter, Mr J Dakin, Mr Darren Crossley","","Mr Ian Parker","Mr Graham Simpson, Mr John Dalton","Ms Lisa Gillibrand",
"South Shropshire DC","39UF","Mr Graham Biggs","","Mr J Berriman","Mr John Bryan","Mr Graham Biggs, Ms Samantha Hine","","Mr Nigel Bishop, Mr Eric Williams","","Mr Graham Biggs, Ms Samantha Hine",
"South Somerset DC","40UD","Mr Philip Dolan","","","Mr David Julian","Mr Philip Dolan, Ms Helen Rutter, Mr Martin Woods, Mr Andrew Gillespie, Mr Tony Johnson","","Mr Gerry Cox","Mr Mark Pollock","Ms Dawn Haydon",
"South Staffordshire DC","41UF","Mr R Levesley","","Ms S Poxon, Mr A Johnson","Mr J Round","Mr S Winterflood, Ms Fiona Cozens","","Ms L Brookes","","",
"South Tyneside MD","00CL","Ms Irene Lucas","Mr Rick O'Farrell","Mr Paul Walker","","Mr Keith Harcus, Mr David Bowman, Ms Irene Lucas, Mr Patrick Melia, Mr Brian Scott, Mr Kevin Joy","","Mr Alan Holt","Mr Rick O'Farrell","Ms Lynda Fothergill",
"Southampton UA","00MS","Mr Bradley Roynon","Mr Ian Rothwell, Mr T Levenson","","Mrs Carolyn Williamson, Mr A Hind, Mr J Spiers, Mr R Hodge","Mr D Gamblin, Ms J Wilmot Palmer","","Mr Martin Tipper","Mr T Levenson","Ms Liz Kite",
"Southend-on-Sea UA","00KF","Mr R Tinlin","Ms Marzia Abel","Mr Andy Lewis, Mr Steve Kearney","Mr Martin Hone","Mr Lee Harris, Mr Tim Sneller","","Ms Hayley Beale","Ms Anita Thornberry, Mr Mark Murphy","Ms Sally Holland, Ms Joanna Ruffle, Ms Kirsty Horseman",
"Southwark LB","00BE","Annie Shepperd","","","","","","","","",
"Spelthorne DC","43UH","Mr Roberto Tambini","Mr Nigel Lynn","Ms H Morgan","Mr David Phillips","Mr Brian Harris, Mr Bob Coe, Mr R G Wilkinson, Mr Roberto Tambini, Mr M Graham","","Mr R G Wilkinson","","Ms R Davison, Mr Tim Kita",
"St Albans DC","26UG","Mr Daniel Goodwin","","Mr D Goodman","Mr A Wearmouth","","","","Mr D Welton","",
"St Edmundsbury DC","42UF","Mr Geoff Rivers","Ms Andrea Mayley","Ms Sandra Pell, Ms Patsy Dell, Mrs Patsy Dell, Mr Ian Poole","Ms K Blaza, Mr John Cochrane, Mr Jerry Massey, Mr Ivan Sams, Mrs Betty Albon, Mr David Green","Mr Alex Wilson","","Mr Chris Woodhouse","Ms Andrea Mayley","Ms Marianne Hulland",
"St Helens MD","00BZ","Mrs Carole Hudson","Mr Gerald Dove","Mr Bob Hepworth, Mr Aidan Manley","Mr Mike Foy, Mr Martin Farrell","Mrs Carole Hudson","","Mr David Parry","Mr Aidan Manley","Mrs C Cahill, Mr Keith Wakefield",
"Stafford DC","41UG","Mr I D Thompson","Ms L Findlay","Mr Chris Hindle","","Mr I D Thompson, Mr N P Jones","","Mr P Kendrick","Mr T Manders","Mrs Chris Payne",
"Staffordshire CC","41","Mr Ron Hilton","","Mr Steve Burrows, Mr Richard Higgs","","Mrs Jean Evans, Mr John Tradewell","","Mr Mike Loveless","Mr Steve Burrows","Mr Richard Caddy, Ms Tamsin Carr",
"Staffs Moorlands DC","41UH","Mr Simon Baker","","Mr Mike Green","Mr Clive Rhodes","Mrs Sheila Walker","","Mr Andrew Stokes","Mr Andrew Stokes","Mrs Sheila Walker",
"Stevenage DC","26UH","Mr Peter Ollis","Mr B Moore","Mr P Bandy","Mr Gavin Coombs, Mr Jonathan Angel, Mr K Brown","Ms Celia Twomey","","Mr Henry Lewis, Ms Celia Twomey","","Ms Nicola Pellegrini, Ms Celia Twomey",
"Stockport MD","00BS","Mr J R Schultz","Mr John Granger","Ms E McLean, Mr S Lamb, Mr Jim McMahon, Mr Martin Ward","Mr Bob Ashley, Ms Carol Summers, Mr Barry Khan","Ms J Scullion, Mr P R Blake, Ms Andrea Stewart, Mrs Louise Richardson","","Mr K Horton","Mr N Hudson","Mr P R Blake",
"Stockton-on-Tees UA","00EF","Mr George Garlick","Ms Sue Burgess","","Mr Doug Carhart","Ms Helen Dean, Mrs Julia Spittle","","Ms Susannah Howe","Mr N Schneider, Mr R Poundford","Mr Vince Rutland",
"Stoke-on-Trent UA","00GL","Mr Steve Robinson","Mr Tom Macartney","Mr Tom Macartney","Mr Ian Brand","Mr Chris Harman, Mr Ian Downing, Mr Paul Feehily, Mr Steve Robinson, Ms Julie Gill, Ms Hilary Devereaux, Mr John Ryan","","Mr Paul Atkins","Mr Stuart Davies, Mr David Mather, Mr Tom Macartney","Ms Hilary Hampton, Mr Dan Barton",
"Stratford-on-Avon DC","44UE","Mr Viv Lankester","","Mr Pat Reid, Mr Dave Nash, Mr Trevor Askew","","Mr Robert Walsh","","Ms Balvinder Heran","","Mr Robert Walsh, Mrs B Hemming",
"Stroud DC","23UF","Mr David Hagg","","Mr Barry Wyatt","Ms Sally Venn, Ms A Fisk","Ms Sarah Turner, Mr David Hagg","","Ms Sarah Turner, Mr Nick Watkins","","Mr Dave Marshall",
"Suffolk CC","42","Ms Andrea Hill","","Ms Lucy Robinson","Mr William Banks, Mr Bill Smith, Mr Ian Brown","Ms Francis Thomas, Mr Alex Hopkins, Mr Al Collier","","Mr Alistair McCartney","Ms Esther Keen","Mr Andy Alsop, Ms Francis Thomas, Mr Nigel Blake",
"Suffolk Coastal DC","42UG","Mr Stephen Baker","Mr A Wright","Mr Phil Ridley, Mr Jeremy Schofield","Mr Chris Walker, Mr Gary Lowe, Ms Karen Kennedy","Mr Stephen Baker, Ms Karen Kennedy","","Ms Karen Kennedy","Mr A Wright","Mr Viv Hotten",
"Sunderland MD","00CM","Mr Dave Smith","Mr Phil Spooner","Mr Keith Lowes","Mr Peter High, Mr Colin Clark, Mr Mike Poulter, Mr Paul Campbell, Captain Ian Duncan","Mr Peter Chapman, Mr Dave Smith, Mr Graeme Farnworth, Ms Sarah Reed, Ms Rhiannon Hood, Ms Sarah Reed, Mr Andrew Seekings, Mr Mike Poulter, Mr Dave Smith","","Mr Steve Williams, Mr Ian Bower","Mr Phil Spooner, Mr Dave Smith","Mr Peter Chapman, Ms Susan Wear, Mr Chris Alexander, Mr Dave Smith, Ms Hilary Phillips",
"Surrey CC","43","Dr Richard Shaw","","","Mr Clive Heathers, Ms Alison Braithwaite, Mr John Govett","Mrs Liz Lawrence, Mr M A Jennings, Dr Patricia Greer","","Mr Nick Roberts, Mr David Rees, Mrs Jane Last","","Ms Louise Footner",
"Surrey Heath DC","43UJ","Mr P M Willis","","Mrs Jane Baldwin, Mr Chas Bradfield, Mr Brian Townley","","Mrs E Hatton","","Mrs Rita Hall","","Mr Richard Payne, Mr S Ashall",
"Sutton LB","00BF","Mr Paul Martin","","Mr Darren Richards, Mr Jeff Wilson, Mr T Jeffrey","Mr Ade Adebayo, Mr Geoff Clark","Mr Paul Martin, Mr Chris Reid, Ms Gill Bull, Mr Jeff Wilson","","Mr John Grice","","Ms Gill Bull",
"Swale DC","29UM","Mr Mike Fisher","","Mr Ian Russell","Ms Catherine Herbert","Mr Mark Radford, Mr Paul Thirkettle, Ms Louise Matthews, Mr Mike Fisher","","","Mr Ian Russell, Ms Barbara Thompson","Ms Tessa Hallett, Mr Mike Fisher",
"Swindon UA","00HX","Mr Gavin Jones","Mr Bernard Maguire","Ms C Carrington, Mr David Potter","Ms C Carrington, Ms Marie Rosenthal, Mr David Williams","Mr Gavin Jones, Mr Hitesh Patel, Mr S Taylor","","","","Mr Richard Freeman, Mr Gavin Calthrop",
"Tameside MD","00BT","Ms Janet Callender","","Mr Nigel Allen, Mr Neil Rodgers","Mr Alan Stopher, Mr Paul Brown, Mr Jon Chesterton","Mr Steven Pleasant, Ms Megan Nurse, Ms Kay Taylor, Mr Colin Cram","","Mr Tim Rainey, Ms Nicola Smith","","Mr Steven Pleasant, Ms Alison Gilbody",
"Tamworth DC","41UK","Mr David Weatherley","Mr Andrew Barratt","","Mr Andrew Barratt","","","","","Mr Philip Gillingham",
"Tandridge DC","43UK","Mr S J Weigel","","Mr R W Evans","Mrs Pat Porter","Mr K Price, Mr S J Weigel","","","","Mr S J Weigel, Miss Guraspnna Valenza",
"Taunton Deane DC","40UE","Mrs Penny James","Mrs Lucy Ball","","Mr A Priest","Mrs Penny James","","Mr F Kirkham","","Mrs D Rundle",
"Teesdale DC","20UH","Mr Neil Stokell","","Miss Susan Porter, Ms Pat Graham","","Mr Neil Stokell, Mr M Dennis","","Mrs Helen Finnimore","Mr Trevor Watson","Mr Neil Stokell",
"Teignbridge DC","18UH","Ms Nicola Bulbeck","Mr Kevin Gilding","Mr Tony Page, Mr Phil Shears","Mr Kevin Gilding","Ms Nicola Bulbeck, Mr A Candy","","Mr Simon Barnes","Mr Kevin Gilding","Ms Michelle Kenny, Mr A Candy",
"Telford & Wrekin UA","00GF","Mr Steve Wellings","","Mr Meredith Evans, Mr Michael Barker","Mr Victor Brownlees, Mr David Sidaway","Mr M Donovan, Ms Karen Kalinowski, Mr Richard Partington","","Mr Ron Odonaiya, Mr Mike Weston","Mr Pete Jackson","Mr Steven Jenkins, Ms Angie Astley",
"Tendring DC","22UN","Mr J Hawkins","","Mr R M Stewart, Mr Graham Thomas","Mr D Whitehead","Mr J Hawkins, Mr M Knappett","","Mr J Hawkins","Mr M Bateson","Mrs Carol Schleip, Mr N Brown",
"Test Valley DC","24UN","Mr R Tetstall","","Mr Bernard Sully, Mrs M Winter","Mr Brian Nicholas, Mr M Lambert","Mr R Tetstall, Ms P Lane","","Ms Helen Grindley","Mr Brian Nicholas","Mrs C Brown",
"Tewkesbury DC","23UG","Mr Bob Austin","","Mr Dave Jones, Mr Chris Shaw","Mr Chris Bosley","Mr Phil Claridge, Mr Bob Austin","","Mr George Hill","Mrs J Wood","Mr Phil Claridge",
"Thanet DC","29UN","Mr Richard Samuel","","Mr Brian White","Miss Kate Paton","Mr Robert Rose","","Mrs R Edridge","","Ms Sara Thompson, Ms Cheryl Pendry",
"Three Rivers DC","26UJ","Dr Steven Halls","Ms Kimberley Rowley, Mr Renato Messere","Mr Peter Brooker, Ms Julie Hughes","Mr Ted O'Neill, Mr David Gardner, Mr Nick Dimbleby","Dr Steven Halls, Mrs Emily Ranahan, Mr Barry Pitt","","Mr Phil King","","Mr Kevin Snow",
"Thurrock UA","00KG","Mr Bob Coomber (Interim CEO)","","","Ms Jan Hughes / Mr Andrew Austin","","","Mr S Rigden","","Mr Phil McCusker (Interim Head of Comms)",
"Tonbridge & Malling DC","29UP","Mr David Hughes","","Mr Steve Humphrey","Mr John Deknop","Mr David Hughes","","Mr Alan Burch","","Mr David Hughes, Mrs Linda Moreau",
"Torbay UA","00HH","Ms Elizabeth Raikes","","Mr L Crump","Mr Chris Bouchard","Mr I Knee","","","","Ms Claire Barrow, Ms Georgina Bowen",
"Torridge DC","18UK","Mr John van de Laarschot","","Mr Ricky McCormack","Mr Ricky McCormack","Mr John van de Laarschot","","Mr Ken Alexander","","Mr John van de Laarschot, Mrs Kathy McCormack",
"Tower Hamlets LB","00BG","Mr Martin Smith","","Mr Bryan Jones","Mr Martin Stevens, Ms Isobel Cattermole","Ms Sara Williams, Mr Martin Smith, Mr Alan Steward","","Mr Jim Roberts","","",
"Trafford MD","00BU","Mr David McNulty","Ms Janet Lopacki","Dr Gary Pickering","Mr George Evans, Mr Jeremy Valentine","Mr David McNulty, Mr Rob Huntingdon, Ms Janet Albion","","Mr David Muggeridge","Dr Gary Pickering","Ms Lindsey Macdonald, Ms Janet Lopacki",
"Tunbridge Wells DC","29UQ","Ms Sheila Wheeler","","Mr Robert Cottrill","Mr Sean Clark","Mr William Benson, Mr Nazeya Hussain, Mr Jim Kehoe","","","","",
"Tynedale DC","35UF","Mr R Robson","Mr A Dean","Mrs H Winter","","Mr R Robson","","Mrs Jane Russell","Mr A Dean","Ms Sarah Wilson",
"Uttlesford DC","22UQ","Mr John Mitchell","","","","Mr M Perry, Mr John Mitchell","","Ms Nichola Wittman","","",
"Vale of White Horse DC","38UE","Mr T A Stock","","Mr R Hood","Mr Andrew Morgan","","","Mr Jeremy Beach","","",
"Vale Royal DC","13UH","Mrs A Bingham-Holmes","","Mr J Jeffrey, Mr Richard Ellison","","Mr Ian Kirby, Mrs A Bingham-Holmes, Mrs Christine Boulton","","Mrs Christine Boulton","Mr Andy Evans, Ms Cathy Boyd","",
"Wakefield MD","00DB","Ms Joanne Roney","","Mr Ian Thomson","Mr A Kerr, Mr Dave Greenwood","","","Mrs Pat Oldroyd, Mr P Whiteley, Mr Alan Kirkham","Mr A Wallhead, Ms Pauline Foster","Mrs S Burlet",
"Walsall MD","00CU","Mr Paul Sheehan","","","Mr Kevin Kendall","","","Mr Dennis Jones","Mr Tim Johnson, Mr Mark Lavender","",
"Waltham Forest LB","00BH","Ms Jacquie Dean","","Mr Martin Esom, Mr Vernon Herbert","Mr Philip Toy","","","Mr Max Carter","Mr Vernon Herbert, Ms Anne Bonsor","Ms Melissa Hoskins, Ms Kathyrn Myers",
"Wandsworth LB","00BJ","Mr Gerald Jones","","","","","","","","",
"Wansbeck DC","35UG","Mr R A Stephenson","","Mr N Burden","","","","Mr J Kelly","Mr N Burden","Mr R A Stephenson, Mrs D Tate",
"Warrington UA","00EU","Ms Diana Terris","Mr Nick White","","Mr John Lawrenson, Mr P Moffatt, Ms C Rathe, Mr A Farrell","Ms Diana Terris, Ms Colette Thomas, Ms Yvonne Bottomley","","Mr Geoff Hart, Ms Yvonne Bottomley","Mr Peter Taylor, Mr A Farrell","Ms Diana Terris, Miss Caroline Jones",
"Warwick DC","44UF","Mr Chris Elliott","","Mr John Archer, Mr Craig Anderson","Mr Chris Makasis, Mr Roger Jewsbury, Mr Bill Hunt","Mr John McGowan, Ms Karen Pearce","","Miss Jane Jack","Mr Craig Anderson","Mr Chris Elliott, Ms Karen Pearce",
"Warwickshire CC","44","Mr Jim Graham","","Mr Paul Galland","Mr Phil Evans, Mr Steve Smith, Ms Joanna Rhodes","Mr Colin Gordon, Mr David Carter, Ms Monica Fogarty, Ms Joanna Rhodes, Ms Janet Purcell","","Mr Tonino Ciuffini","Ms Julia Brook, Mr John Scouller, Ms Audrey Brown","Mr Eric Britton, Ms Janet Purcell",
"Watford DC","26UK","Mr Alastair Robertson","","Ms Cate Hall, Ms Jane Custance","Ms Tricia Taylor, Ms Carol Chen","Ms Tricia Taylor, Ms Sue Bottomley","","Mr Lieven Hermans","","Mr Mark Jeffery",
"Waveney DC","42UH","Mr Stephen Baker","","Ms Linda Scase-Jones, Mr Martin Plain, Mr B Reid","Ms Linda Scase-Jones, Mr David Gallagher, Mr A Wilson-Sutter, Mrs V Collins, Mr D Jessop","Mr Stephen Baker, Mrs L Jordan-Hall, Mr M Lovett","","Mrs B Herring, Mr Keith Wink, Mrs S Green","Mr Stephen Archer","Mr Stephen Baker, Mrs B Herring",
"Waverley DC","43UL","Miss Mary Orton","","Mr Steve Thwaites","Mr Miller Stevenson","Mr I Lynch","","Mr Roger Standing, Mr Lawrence Heath","Mr I Lynch","Mrs J Jackson",
"Wealden DC","21UH","Mr C Lant","","Mr Mike Fleming, Mr Kelvin Williams","Mr Nigel Hannam, Mr Terry Crone, Mr Mike Pashler","Mrs Caroline Adcock, Mr D Palmer","","Ms H Standen","","Mrs Caroline Adcock",
"Wear Valley DC","20UJ","Mr Gary Ridley","","Mr R M Hope","","Mr Gary Ridley","","","","Mr Gary Ridley",
"Wellingborough DC","34UH","Ms Lyn Martin-Bennison","","Mr Mike Haybyrne, Mr R Pulling","Mr Chris Pittman, Mr John Holmes, Mr Robert Vaughan","Ms Lyn Martin-Bennison, Mr David Seabrooke","","","Mr James Wilson, Ms Nicola Dennis","Mr Brian Stewart",
"Welwyn Hatfield DC","26UL","Mr Michel Saminaden","","Mr Chris Conway","Mr Mike Storey","","","Mr Bob Jewell","Ms M Donovan","",
"West Berkshire UA","00MB","Mr Nick Carter","","Mr Gary Lugg","Mr Mark Edwards","","","","","",
"West Devon DC","18UL","Mr David Incoll","","Mrs Jane Hart","Mr David Incoll, Miss Lesley Halton, Mr T Beavon","Mr David Incoll, Mrs M Playle","","Mr P Burgess","","",
"West Dorset DC","19UH","Mr D M Clarke","","Dr D E Evans","Mr Steve Woollard","","","Mr M Chivers","Ms Hilary Jordan","Mr Colin Wood",
"West Lancashire DC","30UP","Mr William Taylor","","Mr Les Abernethy, Mr Stephen Byron","Mr Les Abernethy, Mr Bob Livermore, Ms Jayne Traverse","Ms Kim Webber","","Ms Kim Webber, Mr Chris Isherwood, Ms Jan Doran","Ms Jayne Traverse","Ms Kim Webber, Miss Edwina Leigh",
"West Lindsey DC","32UH","Mr Duncan Sharkey","","Mr George Martin","Mr Daren Turner","Mr Duncan Sharkey, Mr Daren Turner","","Ms Rachel North, Mr Alan Robinson","Ms Suzanne Fysh","Mr Duncan Sharkey",
"West Oxfordshire DC","38UF","Mr David Neudegg","","Mr Andrew Tucker","Ms Lesley Sherratt","Ms Tina Rowley","","Mr Bob Compton","","",
"West Somerset DC","40UF","Mr A Dyer","","","Mr Steve Watts","Mr A Dyer, Mrs Samantha Rawle","","Mrs Wendy Bass","","Mr A Dyer, Ms Stacey Beaumont",
"West Sussex CC","45","Mr M Hammond","","Mr K Stigant","Mr Julian Harris, Mr K Saunders","Ms Diane Ashby, Mr David Sword, Mr Julian Harris, Mrs L Ottery, Mr Geoff Lowry, Ms Vanessa Chandler","","","Mr John Gibbs","Ms Amanda Aviss, Mr John Balsdon",
"West Wiltshire DC","46UF","Mr Ian Gallin","","Mr J Sherry","Mr I Jamieson, Mr Tim Darsley, Ms Lisa Hayes, Mr John Follows","Mr Ian Gallin, Mr Paul Mountford","","Mr I Jamieson, Mr Andy Spurway","Mr Ian Gallin, Mr A Nardell","Mr Ian Gallin, Mrs Nicole Smith, Mr Paul Mountford",
"Westminster LB","00BK","Mr M More","","Mr Barry Smith, Mr Graham King","Mr D Barnden, Mr Andy Curtis, Mr Bill Small, Mr Liam Neville","Mr Neil Wholey, Mr Graham Ellis, Ms Fran Beasley, Mr John Bell, Mr John Dimmer, Mr Carl Purcell","","Mr Kevin Rainsbury","Mr Stuart Reilly","Mr Alex Aiken, Mr Robin Campbell",
"Weymouth & Portland DC","19UJ","Mr Tom Grainger","","","","Mr Tom Grainger","","Mrs Melanie Earnshaw","","",
"Wigan MD","00BW","Ms J Redfearn","Mr Andrew Shorrock","Mr Martin Kimber","Mrs S D Lowe","Mr A Hardy, Mr D O'Connor, Ms S Johnson","","Mr Peter Livesey","Ms S Johnson","Mr S Hubbard, Mr David Mather",
"Wiltshire CC","46","Dr Keith Robinson","","Mr A Feist, Mr George Batten","Mr George Batten, Mrs Pat Williams","Mr David Maynard, Mr John Fisher","","Dr Carlton Brand","Mr George Batten","Ms S Khan, Ms A Stansby",
"Winchester DC","24UP","Mr Simon Eden","","Mr S Tilbury, Ms Fiona Tebbutt","Mr T Langridge, Mr C Broomfield, Mr Richard Botham","Mr Simon Eden, Miss J N Adams, Mr Steve Opacic","","Ms Sheila Davidge","Mr S Tilbury","Miss E Hodge, Ms Jen Anderson",
"Windsor & Maidenhead UA","00ME","Mr Ian Trenholm","Mr Martin Fletcher, Mr Paul Roach","Mr David Oram, Mr Tim Slaney","Mr David Oram","Mr Ian Trenholm","","Mr Keith Clark","","Mrs Anne Dackombe",
"Wirral MD","00CB","Mr Stephen Maddox","Mr Larry Embra","","Mr David Green, Mr Graham Rossiter, Mr Ray Jones","Mr Stephen Maddox, Mr Chris Batman","","Mr Ian Coleman","Mr Alan Stennard","Mrs Gill Gwatkin",
"Woking DC","43UM","Mr Ray Morgan","Ms Joanna Walker","Mr Mark Rolt, Mr Adrian Bishop","Mr Ian Draper","Mr Ray Morgan, Mr Douglas Spinks","","Mr Geoff Young","","Mrs Karen Porter",
"Wokingham UA","00MF","Mrs Susan Law","Ms Heather Thwaites","Ms Heather Thwaites","","","","","Ms Heather Thwaites","Miss Karen Jordan",
"Wolverhampton MD","00CW","Mr Richard Carr","Ms Angie Took","Mr C N Georghiou","Mr B Bailey, Mr Tony Woods","","Ms Kerry Bollister","Mr Peter Thompson","Ms Kerry Bollister, Dr M Read, Mr Steve Boyes","",
"Worcester DC","47UE","Mr D T Wareing","Ms Georgina Smith","Mr John Wrightson, Mr Paul O'Connor","Mr Andrew Harding, Mr J Scarborough","Mr D T Wareing, Ms Carol Brown, Mr Peter Butler, Mr J Somerville","","Mr D Thorpe, Ms Carol Brown, Mr Peter Butler","Mr John Wrightson","Ms Kabbie Langford",
"Worcestershire CC","47","Mrs Trish Haines","","","Mr M Williams, Mr Simon Robinson","Mrs Trish Haines, Mrs Diane Tilley, Ms Annette Stock","","Ms Rachel Hill","","",
"Worthing DC","45UH","Mr Ian Lowrie","","Mr James Appleton","Mr S Coe","Mr John Mitchell, Mrs Stevie Field","","Mrs Stevie Field","Mr James Appleton","Mrs Stevie Field",
"Wychavon DC","47UF","Mr Jack Hegarty","Mr Phil Merrick","Ms Shirley Layland, Ms Gill Collin, Mr Fred Davies","Mr Phil Merrick, Mr Vic Allison, Mr Mark Haslam","Mr Tim Deakin, Ms Fiona Narburgh","","Ms Amanda DeWarr, Ms Liz Dyde","Mr Chris Brooks","Ms Fiona Narburgh, Ms Emma Wild",
"Wycombe DC","11UF","Ms Karen Satterford","Mrs Mayuri Naker","Mr Jerry Unsworth","Ms Lynne Smith, Mr Charles Brocklehurst","Ms Karen Satterford","","Mr Steve Bramhill","Mrs Mayuri Naker","",
"Wyre DC","30UQ","Mr Jim Corry","","Mr G Payne","Mr Neil Willitts","Mr Jim Corry, Mr Michael Ryan","","Mr Michael Ryan","Mr G Payne","Mr Jim Corry",
"Wyre Forest DC","47UG","Mr W Delin","Mr K Harrison","Mr Mike Parker, Mr K Harrison","Mr Richard Hall, Mr A W Dickens","Mr W Delin, Mr D Buckland","","Mr Nick Lewis, Mr Colin Penhallow","Mr K Harrison","Mr W Delin",
"York UA","00FF","Mr Bill McCarthy","","","","","","","","",
